rank,company,founded,industry,revenue,revenueChange,profits,profitsChange,assets,marketValue,employees,rankChange,subredditOfficial,subredditOfficialMembers,subredditEmployee,subredditEmployeeMembers,subredditPositive,subredditNegative,redditorBrand,redditorBrandPostkarma,redditorBrandCommentkarma,redditorBrandCakeday
1,Walmart,1962,Retail,"$611,289",6.70%,"$11,680",-14.60%,"$243,197","$397,474.50","2,100,000",-,https://www.reddit.com/r/walmart/,"287,000",https://www.reddit.com/r/WalmartEmployees/,"31,000",,https://www.reddit.com/r/FuckWalmart,https://www.reddit.com/user/Walmart_Verified/,1,0,"January 10, 2008"
2,Amazon.com,1994,Technology,"$513,983",9.40%,"-$2,722",-108.20%,"$462,675","$1,058,439.50","1,541,000",-,https://www.reddit.com/r/amazon/,"226,000",https://www.reddit.com/r/AmazonFC/,"113,000",https://www.reddit.com/r/AmazonBudgetFinds/,https://www.reddit.com/r/AntiAmazon,,,,
3,Exxon Mobil,1999,Energy,"$413,680",44.80%,"$55,740",141.90%,"$369,067","$446,424.20","62,000",3,https://www.reddit.com/r/ExxonMobil/,510,n /a,,,https://www.reddit.com/r/RedCard,https://www.reddit.com/user/ExxonMobil/,1,0,"March 22, 2024"
4,Apple,1976,Technology,"$394,328",7.80%,"$99,803",5.40%,"$352,755","$2,609,038.90","164,000",-1,https://www.reddit.com/r/apple,"5,300,000",https://www.reddit.com/r/Apple_Employees/,234,,https://www.reddit.com/r/FuckApple,https://www.reddit.com/user/apple/,"2,942",0,"May 12, 2018"
5,UnitedHealth Group,1977,Healthcare,"$324,162",12.70%,"$20,120",16.40%,"$245,705","$440,854","400,000",-,https://www.reddit.com/r/unitedhealthgroup,100,n /a,,,,https://www.reddit.com/user/UnitedHealth_Group/,1,0,"February 10, 2023"
6,CVS Health,1963,Pharmaceutical Retail,"$322,467",10.40%,"$4,149",-47.50%,"$228,275","$95,422.30","259,500",-2,https://www.reddit.com/r/CVSHealth,221,n /a,,,,https://www.reddit.com/user/cvshealthsurvey-page/,1,0,"August 28, 2023"
7,Berkshire Hathaway,1839,Conglomerate,"$302,089",9.40%,"-$22,819",-125.40%,"$948,452","$675,656.80","383,000",-,https://www.reddit.com/r/BerkshireHathaway,"9,200",,,,,https://www.reddit.com/user/BerkshireHathaway-/,"50,203","23,106","January 27, 2016"
8,Alphabet,2015,Technology,"$282,836",9.80%,"$59,972",-21.10%,"$365,264","$1,330,200.70","190,234",-,https://www.reddit.com/r/AlphabetStew,"2,900",,,,,https://www.reddit.com/user/alphabet/,1,0,"September 12, 2005"
9,McKesson,1833,Healthcare,"$263,966",10.80%,"$1,114",-,"$63,298","$48,757.20","66,500",-,https://www.reddit.com/r/McKesson,7,,,,,https://www.reddit.com/user/Mckesson100/,1,48,"February 03, 2020"
10,Chevron,1879,Energy,"$246,252",51.60%,"$35,465",127%,"$257,709","$311,092.90","43,846",6,https://www.reddit.com/r/Chevron,175,,,,,https://www.reddit.com/user/Chevron/,"3,798","35,637","September 30, 2008"
11,Cencora,2001,Healthcare,"$238,587",11.50%,"$1,698.80",10.30%,"$56,560.60","$32,383.60","41,500",-1,,,,,,,,1,0,"May 22, 2021"
12,Costco Wholesale,1983,Retail,"$226,954",15.80%,"$5,844",16.70%,"$64,166","$220,353.50","304,000",-1,https://www.reddit.com/r/CostcoWholesale,"18,000",,,,,https://www.reddit.com/user/-Costco_wholesale-/,1,3,"May 19, 2022"
13,Microsoft,1975,Technology,"$198,270",18%,"$72,738",18.70%,"$364,840","$2,146,048.60","221,000",1,https://www.reddit.com/r/microsoft,"906,000",https://www.reddit.com/r/MicrosoftTeams/,"64,000",https://www.reddit.com/r/MicrosoftFabric,https://www.reddit.com/r/FuckMicrosoft,https://www.reddit.com/user/Microsoft/,16,1,"May 15, 2020"
14,Cardinal Health,1971,Healthcare,"$181,364",11.60%,-$933,-252.70%,"$43,878","$19,451.70","46,035",1,https://www.reddit.com/r/CardinalHealth,2,,,,,,,,
15,Cigna,1982,Healthcare,"$180,516",3.70%,"$6,668",24.30%,"$143,932","$75,900.70","70,231",-3,,,,,,,,,,
16,Marathon Petroleum,1998,Energy,"$180,012",27.60%,"$14,516",49.10%,"$89,904","$59,544.40","17,800",3,,,,,,,https://reddit.com/user/Marathon_Petroleum/,1,0,2/10/2023
17,Phillips 66,2012,Energy,"$175,702",53%,"$11,024",737.10%,"$76,442","$46,727.30","13,000",12,,,,,,,,,,
18,Valero Energy,1980,Energy,"$171,189",58%,"$11,528",1139.60%,"$60,982","$51,350.50","9,743",12,,,,,,,,,,
19,Ford Motor,1903,Automotive,"$158,057",15.90%,"-$1,981",-111%,"$255,884","$50,399.50","173,000",3,https://www.reddit.com/r/Ford,"110,000",,,,,https://www.reddit.com/user/fordmotorcompany13/,"2,703",922,3/14/2019
20,Home Depot,1978,Retail,"$157,403",4.10%,"$17,105",4.10%,"$76,445","$299,533.70","471,600",-3,https://www.reddit.com/r/HomeDepot,"97,000",https://www.reddit.com/r/AskRetail,"8,500",https://www.reddit.com/r/HomeImprovement,https://www.reddit.com/r/FuckHomeDepot,https://www.reddit.com/user/HomeDepot/,248,0,2/3/2023
21,General Motors,1908,Automotive,"$156,735",23.40%,"$9,934",-0.80%,"$264,037","$51,155.30","167,000",4,https://www.reddit.com/r/GeneralMotors,"13,000",https://www.reddit.com/r/GMemployees,"2,900",https://www.reddit.com/r/GeneralMotorsElectric,,https://www.reddit.com/user/GeneralMotors/,671,81,9/9/2020
22,Elevance Health,1946,Healthcare,"$156,595",13%,"$6,025",-1.30%,"$102,772","$109,097.70","102,300",-2,,,,,,,,,,
23,JPMorgan Chase,2000,Financial Services,"$154,792",21.70%,"$37,676",-22.10%,"$3,665,743","$383,548.60","293,723",1,https://www.reddit.com/r/JPMorganChase,584,,,,,https://www.reddit.com/user/JPMorgan_Chase/,8,0,2/11/2017
24,Kroger,1883,Retail,"$148,258",7.50%,"$2,244",35.60%,"$49,623","$35,421.40","430,000",-3,https://www.reddit.com/r/kroger,"46,000",,,,,https://www.reddit.com/user/Kroger011/,"1,436",737,2/28/2018
25,Centene Corporation,1984,Healthcare,"$144,547",14.70%,"$1,202",-10.80%,"$76,870","$34,809.80","74,300",1,https://www.reddit.com/r/Centene,13,,,,,https://www.reddit.com/user/centene/,1,0,8/6/2018
26,Verizon Communications,2000,Telecommunications,"$136,835",2.40%,"$21,256",-3.70%,"$379,680","$163,333.40","117,100",-3,https://www.reddit.com/r/verizon/,"101,000",,,,,,,,
27,Walgreens Boots Alliance,1901,Pharmaceutical Retail,"$132,703",-10.70%,"$4,337",70.60%,"$90,124","$29,835.50","262,500",-9,,,,,,,,,,
28,Fannie Mae,1938,Financial Services,"$121,596",19.70%,"$12,923",-41.70%,"$4,305,288",$474.80,"8,000",5,,,,,,,,,,
29,Comcast,1963,Telecommunications,"$121,427",4.30%,"$5,370",-62.10%,"$257,275","$159,830.70","186,000",-1,https://www.reddit.com/r/Comcast,"26,000",,,https://www.reddit.com/r/Comcast_Xfinity,,https://www.reddit.com/user/comcastbusiness/,9,0,6/24/2021
30,AT&T,1983,Telecommunications,"$120,741",-28.50%,"-$8,524",-142.40%,"$402,853","$137,250","160,700",-17,https://www.reddit.com/r/ATT,"72,000",,,,,,,,
31,Meta Platforms,2004,Technology,"$116,609",-1.10%,"$23,200",-41.10%,"$185,727","$549,484","86,482",-4,https://www.reddit.com/r/meta,"9,100",,,,,https://www.reddit.com/user/Meta_Platforms/,1,0,4/7/2023
32,Bank of America,1998,Financial Services,"$115,053",22.60%,"$27,528",-13.90%,"$3,051,375","$228,779.50","216,823",4,https://www.reddit.com/r/BankOfAmerica,848,,,,,https://www.reddit.com/user/bankofamerica/,6,0,5/15/2020
33,Target,1902,Retail,"$109,120",2.90%,"$2,780",-60%,"$53,335","$76,250.10","440,000",-1,https://www.reddit.com/r/Target,"197,000",,,,,https://www.reddit.com/user/target/,"3,044","3,299",1/14/2008
34,Dell Technologies,1984,Technology,"$102,301",-4.40%,"$2,442",-56.10%,"$89,611","$29,401.70","133,000",-3,https://www.reddit.com/r/Dell,"94,000",,,,,https://www.reddit.com/user/DellTechnologies/,284,237,8/23/2018
35,Archer Daniels Midland,1902,Agriculture,"$101,556",19.10%,"$4,340",60.20%,"$59,774","$43,529.80","41,181",3,,,,,,,,,,
36,Citigroup,1998,Financial Services,"$101,078",26.60%,"$14,845",-32.40%,"$2,416,676","$91,269.70","238,104",8,https://www.reddit.com/r/Citigroup,1,,,,,https://www.reddit.com/user/Citigroup/,1,0,1/2/2010
37,United Parcel Service,1907,Transportation and Logistics,"$100,338",3.10%,"$11,548",-10.40%,"$71,124","$166,189.10","404,700",-3,,,,,,https://www.reddit.com/r/DownWithUPS,https://www.reddit.com/user/UnitedParcelService/,1,4,12/10/2013
38,Pfizer,1849,Healthcare,"$100,330",23.40%,"$31,372",42.70%,"$197,205","$230,291.60","83,000",5,https://www.reddit.com/r/Pfizer,286,https://www.reddit.com/r/pfizeremployees/,,,,https://www.reddit.com/user/pfizer/,1,0,7/13/2024
39,Lowe's,1946,Retail,"$97,059",0.80%,"$6,437",-23.80%,"$43,708","$119,253.40","244,500",-4,https://www.reddit.com/r/Lowes,"59,000",https://www.reddit.com/r/Lowes_Employees,"4,900",,,,,,
40,Johnson & Johnson,1886,Healthcare,"$94,943",1.20%,"$17,941",-14.10%,"$187,378","$483,575.60","152,700",-3,https://www.reddit.com/r/JordynJohnson,"26,000",,,,,https://www.reddit.com/user/johnsonjohnson11/,7,19,2/4/2021
41,FedEx,1971,Transportation and Logistics,"$93,512",11.40%,"$3,826",-26.90%,"$85,994","$57,431.40","464,400",-2,https://www.reddit.com/r/FedEx,"36,000",,,,,https://www.reddit.com/user/FedEx/,7,0,8/24/2021
42,Humana,1961,Healthcare,"$92,870",11.80%,"$2,806",-4.30%,"$43,055","$60,718.70","67,100",-2,,,,,,,https://www.reddit.com/user/humana/,1,0,9/7/2012
43,Energy Transfer,1995,Energy Infrastructure,"$89,876",33.30%,"$4,756",-13.10%,"$105,643","$38,589.60","12,565",11,https://www.reddit.com/r/EnergyTransfer,597,,,,,https://www.reddit.com/user/Energy_Transfer/,1,0,6/11/2019
44,State Farm Insurance,1922,Insurance,"$89,327.50",8.60%,"-$6,654.20",-619.50%,"$318,243",-,"60,519",-2,https://www.reddit.com/r/StateFarm,"1,300",,,,,https://www.reddit.com/user/State_Farm_Insurance/,82,71,7/8/2016
45,Freddie Mac,1970,Financial Services,"$86,717",31.60%,"$9,327",-23%,"$3,208,333",$265.50,"7,819",11,,,,,,,https://www.reddit.com/user/freddiemack1/,"26,801","164,821",6/22/2021
46,PepsiCo,1965,Food and Beverage,"$86,392",8.70%,"$8,910",17%,"$92,187","$251,084.50","315,000",-1,https://www.reddit.com/r/PepsiCo,175,,,,,,,,
47,Wells Fargo,1852,Financial Services,"$82,859",0.50%,"$13,182",-38.80%,"$1,881,016","$141,187.50","238,000",-6,https://www.reddit.com/r/WellsFargoBank,"1,400",,,,,,,,
48,Walt Disney,1923,Media and Entertainment,"$82,722",22.70%,"$3,145",57.60%,"$203,631","$182,920","195,800",5,,,,,,,,,,
49,ConocoPhillips,2002,Energy,"$82,156",69.90%,"$18,680",131.20%,"$93,829","$120,776.60","9,500",28,,,,,,,https://www.reddit.com/user/ConocoPhillips/,1,2,5/22/2013
50,Tesla,2003,Automotive,"$81,462",51.40%,"$12,556",127.50%,"$82,338","$656,424.70","127,855",15,https://www.reddit.com/r/Tesla,"56,000",,,,,https://www.reddit.com/user/tesla/,1,0,5/17/2006
51,Procter & Gamble,1837,Consumer Goods,"$80,187",5.30%,"$14,742",3%,"$117,208","$350,781.10","106,000",-4,,,,,,,https://www.reddit.com/user/Procter_and_Gamble/,1,1,5/23/2011
52,General Electric,1892,Conglomerate,"$76,555",3.20%,$225,-,"$187,788","$104,231","172,000",-4,https://www.reddit.com/r/generalelectric,673,,,,,https://www.reddit.com/user/generalelectric/,"6,163",188,5/18/2018
53,Albertsons,1939,Retail,"$71,887",3.20%,"$1,619.60",90.50%,"$28,123","$11,132.20","195,750",-1,https://www.reddit.com/r/Albertsons,"1,100",,,,,,,,
54,MetLife,1868,Insurance,"$69,898",-1.70%,"$2,539",-61.30%,"$666,611","$44,866.50","45,000",-4,,,,,,,https://www.reddit.com/user/MetLife/,1,0,9/18/2023
55,Goldman Sachs Group,1869,Financial Services,"$68,711",5.70%,"$11,261",-48%,"$1,441,799","$113,963.90","48,500",2,https://www.reddit.com/r/Goldman_Sachs,,,,,,https://www.reddit.com/user/Goldman_Sachs_Group/,1,0,10/2/2023
56,Sysco,1969,Food and Beverage,"$68,636.10",33.80%,"$1,358.80",159.20%,"$22,085.70","$39,202.30","70,510",14,https://www.reddit.com/r/sysco,214,,,,,https://www.reddit.com/user/Sysco/,1,0,7/18/2012
57,Raytheon Technologies (RTX),2020,Aerospace and Defense,"$67,074",4.20%,"$5,197",34.50%,"$158,864","$143,292","182,000",1,https://www.reddit.com/r/RaytheonTechnologies,6,,,,,,,,
58,Boeing,1916,Aerospace and Defense,"$66,608",6.90%,"-$4,935",-,"$137,100","$127,283.20","156,000",2,https://www.reddit.com/r/boeing,"35,000",,,,,,,,
59,StoneX Group,1924,Financial Services,"$66,036",55.30%,$207.10,78.10%,"$19,859.60","$2,137.80","3,615",28,,,,,,,https://www.reddit.com/user/StoneX_Group_Inc/,1,0,8/25/2023
60,Lockheed Martin,1995,Aerospace and Defense,"$65,984",-1.60%,"$5,732",-9.20%,"$52,880","$120,318.70","116,000",-5,https://www.reddit.com/r/LockheedMartin,"4,200",,,,,https://www.reddit.com/user/LockheedMartin/,"4,067","1,802",4/18/2012
61,Morgan Stanley,1935,Financial Services,"$65,936",7.90%,"$11,029",-26.60%,"$1,180,231","$147,674.30","82,427",-,,, ,,,,https://www.reddit.com/user/MorganStanley28/,1,0,4/5/2022
62,Intel,1968,Technology,"$63,054",-20.20%,"$8,014",-59.70%,"$182,103","$136,268.30","131,900",-16,https://www.reddit.com/r/intel,"883,000",,,https://www.reddit.com/r/EnergyINTEL,,https://www.reddit.com/user/Intel/,12,36,2/12/2021
63,HP,1939,Technology,"$62,983",-0.80%,"$3,203",-50.70%,"$38,587","$28,919.40","58,000",-4,https://www.reddit.com/r/HP_Printers,193,,,https://www.reddit.com/r/HPfanfiction,,,, found,
64,TD Synnex,2021,Technology,"$62,343.80",97.20%,$651.30,64.90%,"$29,734","$9,060.90","28,500",45,,,,,,,,,,
65,International Business Machines,1911,Technology,"$60,530",-16.30%,"$1,639",-71.50%,"$127,243","$118,912.50","303,100",-16,https://www.reddit.com/r/internationalbusiness,"12,000",,,,,,,,
66,HCA Healthcare,1968,Healthcare,"$60,233",2.50%,"$5,643",-18.90%,"$52,438","$73,106.50","250,500",-4,,,,,,,https://www.reddit.com/user/HCA_/,1,1,4/30/2021
67,Prudential Financial,1875,Insurance,"$60,050",-15.30%,"-$1,438",-118.60%,"$689,917","$30,363.40","39,583",-16, ,,,,,,,,,
68,Caterpillar,1925,Manufacturing,"$59,427",16.60%,"$6,705",3.30%,"$81,943","$118,160.50","109,100",5,https://www.reddit.com/r/caterpillar,"2,600",,,,,https://www.reddit.com/user/CaterpillarSure6572/,26,0,3/18/2021
69,Merck,1891,Healthcare,"$59,283",15.80%,"$14,519",11.30%,"$109,160","$270,080.90","68,000",2,https://www.reddit.com/r/Merck,182,,,,,https://www.reddit.com/user/Merck/,1,0,3/28/2023
70,World Fuel Services,1984,Energy,"$59,043.10",88.40%,$114.10,54.80%,"$8,164.60","$1,585.20","5,214",41, ,,,,,,,,,
71,New York Life Insurance,1845,Insurance,"$58,445.20",14.20%,"-$1,126.70",-506.60%,"$392,126.40",-,"15,050",1,https://www.reddit.com/r/NewYorkLife,51,,,,,,,,
72,Enterprise Products Partners,1968,Energy Infrastructure,"$58,186",42.60%,"$5,490",18.40%,"$68,108","$56,223.90","7,300",17,,,,,,,,,,
73,AbbVie,2013,Healthcare,"$58,054",3.30%,"$11,836",2.50%,"$138,805","$281,151.30","50,000",-10,https://www.reddit.com/r/ABBV,111,,,,,https://www.reddit.com/user/abbvieislife/,1,0,2/15/2024
74,Plains GP Holdings,2013,Energy Infrastructure,"$57,342",36.30%,$168,180%,"$29,207","$2,550.60","4,100",14,,,,,,,,,,
75,Dow,1897,Chemicals,"$56,902",3.50%,"$4,582",-27.40%,"$60,603","$38,811.90","37,800",-11,https://www.reddit.com/r/DOW,12,,,,,,,,
76,American International Group,1919,Insurance,"$56,437",8.40%,"$10,276",9.50%,"$526,634","$36,947.50","26,200",-9,,,,,,,,,,
77,American Express,1850,Financial Services,"$55,625",27.40%,"$7,514",-6.80%,"$228,354","$122,733.70","77,300",8,https://www.reddit.com/r/AmericanExpress,"4,200",,,,,https://www.reddit.com/user/AmericanExpress/,21,0,1/13/2023
78,Publix Super Markets,1930,Retail,"$54,942",13.50%,"$2,918",-33.90%,"$31,047",-,"242,000",-2,,,,,,,https://www.reddit.com/user/Publix_Super_Markets/,1,0,10/2/2023
79,Charter Communications,1993,Telecommunications,"$54,022",4.50%,"$5,055",8.60%,"$144,523","$60,477.40","101,700",-10,https://www.reddit.com/r/CharterCommunications,1,,,,,,,,
80,Tyson Foods,1935,Food and Beverage,"$53,282",13.20%,"$3,238",6.30%,"$36,821","$21,095.70","142,000",1,https://www.reddit.com/r/TSNTysonFoods,27,https://www.reddit.com/r/TysonEmployees,152,,,https://www.reddit.com/user/TysonFoods_DS/,1,0,4/5/2021
81,Deere,1837,Manufacturing,"$52,577",19.40%,"$7,131",19.60%,"$90,030","$122,345.50","82,239",3,https://www.reddit.com/r/Deere,80,,,,,https://www.reddit.com/user/deere/,262,"2,614",3/18/2011
82,Cisco Systems,1984,Technology,"$51,557",3.50%,"$11,812",11.50%,"$94,002","$214,109.20","83,300",-8,https://www.reddit.com/r/Cisco,"87,000",,,,,https://www.reddit.com/user/cisco_systems/,1,0,5/10/2013
83,Nationwide,1926,Insurance,"$51,449.80",8.60%,$988.40,-38.90%,"$264,510.60",-,"24,791",-3,https://www.reddit.com/r/Nationwide,114,,,,,https://www.reddit.com/user/nationwide13/,"1,006","9,256",12/10/2013
84,Allstate,1931,Insurance,"$51,412",-3.40%,"-$1,311",-182%,"$97,957","$29,179.60","54,250",-18,https://www.reddit.com/r/AllState,676,,,,,,,,
85,Delta Air Lines,1924,Transportation,"$50,582",69.20%,"$1,318",370.70%,"$72,288","$22,392.10","95,000",28,https://www.reddit.com/r/DeltaAirlines,"5,300",,,,,,,,
86,Liberty Mutual Insurance Group,1912,Insurance,"$49,956",3.60%,$414,-86.50%,"$160,316",-,"50,000",-8,,,,,,,,,,
87,TJX,1976,Retail,"$49,936",2.90%,"$3,498",6.60%,"$28,349","$90,315.30","329,000",-12,https://www.reddit.com/r/TJX,18,,,,,,,,
88,Progressive,1937,Insurance,"$49,610.70",4%,$721.50,-78.50%,"$75,465","$83,742.50","55,063",-9,https://www.reddit.com/r/progressive,"78,000",,,,,https://www.reddit.com/user/progressive/,8,0,2/25/2019
89,American Airlines Group,2013,Transportation,"$48,971",63.90%,$127,-,"$64,716","$9,629","129,700",25,https://www.reddit.com/r/americanairlines,"65,000",,,,,https://www.reddit.com/user/American_Airlines_/,1,2,9/13/2022
90,CHS,1931,Agriculture,"$47,791.70",24.30%,"$1,678.80",203.10%,"$18,824.80",-,"10,014",5,https://www.reddit.com/r/CHS,553,,,,,,,,
91,Performance FoGroupod ,1987,Food and Beverage,"$47,194.10",61.60%,$112.50,176.40%,"$12,378","$9,421.50","34,825",21,,,,,,,,,,
92,PBF Energy,2008,Energy,"$46,830.30",71.80%,"$2,876.80",1145.40%,"$13,549.10","$5,588.80","3,616",38,,,,,,,https://www.reddit.com/user/PBF___/,1,0,4/9/2022
93,Nike,1964,Apparel,"$46,710",4.90%,"$6,046",5.60%,"$40,321","$190,161","79,100",-10,https://www.reddit.com/r/Nike,"1,300,000",,,,https://www.reddit.com/r/nikeprossx,https://www.reddit.com/user/nike/,119,0,7/12/2018
94,Best Buy,1966,Retail,"$46,298",-10.60%,"$1,419",-42.20%,"$15,803","$17,066.40","71,100",-26,https://www.reddit.com/r/Bestbuy,"84,000",https://www.reddit.com/r/BestBuyWorkers,"13,000",,,https://www.reddit.com/user/bestbuy/,215,"2,984",5/26/2007
95,Bristol-Myers Squibb,1887,Healthcare,"$46,159",-0.50%,"$6,327",-9.50%,"$96,820","$145,780","34,300",-13,,,,,,,https://www.reddit.com/user/bristolMyersSquibb/,104,11,5/1/2017
96,United Airlines Holdings,1926,Transportation,"$44,955",82.50%,$737,-,"$67,358","$14,473.90","92,795",50,https://www.reddit.com/r/unitedairlines,"86,000",,,,https://www.reddit.com/r/FuckUnitedAirlines,https://www.reddit.com/user/United_Airlines/,32,"5,250",4/10/2017
97,Thermo Fisher Scientific,2006,Medical Equipment,"$44,915",14.50%,"$6,950",-10%,"$97,154","$222,150.30","130,000",-5,,,,,,,https://www.reddit.com/user/ThermoFisherSci/,1,0,11/29/2019
98,Qualcomm,1985,Technology,"$44,200",31.70%,"$12,936",43%,"$49,014","$142,251.70","51,000",9,https://www.reddit.com/r/qualcomm,"2,100",https://www.reddit.com/r/Qualcomm_Stock,211,,,https://www.reddit.com/user/qualcomm/,1,0,3/9/2021
99,Abbott Laboratories,1888,Healthcare,"$43,653",1.30%,"$6,933",-2%,"$74,438","$175,984.40","115,000",-13,,,,,,,,,,
100,Coca-Cola,1892,Food and Beverage,"$43,004",11.30%,"$9,542",-2.30%,"$92,763","$268,360.70","82,500",-7,https://www.reddit.com/r/cocacola/,"17,000",,,,FuckCocaCola (reddit.com),https://www.reddit.com/user/Coca-Cola_Official/,11,0,7/19/2018
101,Oracle,1977,Technology,"$42,440",4.80%,"$6,717",-51.10%,"$109,297","$250,865.60","143,000",-10,https://www.reddit.com/r/oracle/,"20,000",,,,https://www.reddit.com/r/FuckOracle,https://www.reddit.com/user/OracleDBA/,"6,415","69,259",7/1/2010
102,Nucor,1940,Manufacturing,"$41,512.50",13.80%,"$7,607.30",11.40%,"$32,479.20","$38,916.90","31,400",-4,https://www.reddit.com/r/Nucor/,53,,,,,https://www.reddit.com/user/Nucor18,1,0,8/11/2022
103,TIAA,1918,Financial Services,"$40,910.60",0.90%,$493.70,-87.80%,"$634,457.30",-,"16,070",-13,,,,,,,https://www.reddit.com/user/tiaa/,17,0,12/1/2023
104,Massachusetts Mutual Life Insurance,1851,Insurance,"$40,281",12.20%,"$1,484.50",365%,"$381,335.70",-,"10,662",-4,,,,,,,,,,
105,General Dynamics,1952,Aerospace and Defense,"$39,407",2.40%,"$3,390",4.10%,"$51,585","$62,692.40","106,500",-11,,,,,,,https://www.reddit.com/user/GeneralDynamicsCorp/,1,274,7/21/2022
106,Capital One Financial,1994,Financial Services,"$38,373",19.80%,"$7,360",-40.60%,"$455,249","$36,775.90","55,943",2,https://www.reddit.com/r/CapitalOne_/,"6,300",,,,,https://www.reddit.com/user/CapitalOne/,301,0,7/23/2021
107,HF Sinclair,1947,Energy,"$38,204.80",107.80%,"$2,922.70",423.50%,"$18,125.50","$9,491.50","5,223",90,,,,,,,,,,
108,Dollar General,1939,Retail,"$37,844.90",10.60%,"$2,416",0.70%,"$29,083.40","$46,113.60","170,000",-2,https://www.reddit.com/r/DollarGeneral/,"22,000",https://www.reddit.com/r/DollarGeneralWorkers/,"9,600",https://www.reddit.com/r/DollarGeneralNews/,,https://www.reddit.com/user/Dollargeneralwhore/,1,0,4/4/2022
109,Arrow Electronics,1935,Technology,"$37,124.40",7.70%,"$1,426.90",28.80%,"$21,763.20","$7,278","22,300",-5,,,,,,,https://www.reddit.com/user/Arrow-Electronics/,1,0,3/29/2023
110,Occidental Petroleum,1920,Energy,"$37,095",38.60%,"$13,304",473%,"$72,609","$56,069.30","11,973",25,https://www.reddit.com/r/OccidentalPetroleum/,3,,,,,,,,
111,Northwestern Mutual,1857,Insurance,"$36,920.50",0.50%,$911.90,-6.70%,"$340,390.20",-,"8,323",-14,,,,,,,https://www.reddit.com/user/NorthwesternMutual/,1,0,4/13/2021
112,Travelers,1853,Insurance,"$36,884",5.90%,"$2,842",-22.40%,"$115,717","$39,783.30","32,175",-9,https://www.reddit.com/r/TravelersTV/,"20,000",,,,,https://www.reddit.com/user/TravelersOfficial/,1,0,9/10/2020
113,Northrop Grumman,1939,Aerospace and Defense,"$36,602",2.60%,"$4,896",-30.10%,"$43,755","$70,203.20","95,000",-12,https://www.reddit.com/r/NorthropGrumman/,"10,000",,,,,https://www.reddit.com/user/Northrop__Grumman/,1,974,5/17/2022
114,United Services Automobile Assn.,1922,Insurance,"$36,297.20",-3.10%,"-$1,295.60",-139.30%,"$204,005.10",-,"36,820",-18,,,,,,,,,,
115,Honeywell International,1906,Conglomerate,"$35,466",3.10%,"$4,966",-10.40%,"$62,275","$127,695","97,000",-10,https://www.reddit.com/r/honeywell/,"1,100",,,,,https://www.reddit.com/user/Honeywell678/,1,53,8/31/2021
116,3M,1902,Manufacturing,"$34,229",-3.20%,"$5,777",-2.40%,"$46,455","$57,964.90","92,000",-14,,,,,,,,,,
117,US Foods Holding,1989,Food and Beverage,"$34,057",15.50%,$265,61.60%,"$12,773","$8,568.20","29,000",-,,,,,,,,,,
118,Warner Bros. Discovery,2022,Media and Entertainment,"$33,817",177.40%,"-$7,371",-832.70%,"$134,001","$36,777.60","37,500",192,https://www.reddit.com/r/WarnerBrosDiscovery/,519,,,,https://www.reddit.com/r/FuckWarnerBros/,https://www.reddit.com/user/WarnerBros/,1,0,12/17/2008
119,Lennar,1954,Construction and Engineering,"$33,671",24.10%,"$4,614.10",4.20%,"$37,984.30","$29,725.70","12,012",12,https://www.reddit.com/r/LennarFullerton/,12,,,,,https://www.reddit.com/user/Lennartlau/,"1,479","33,398",11/5/2017
120,D.R. Horton,1978,Construction and Engineering,"$33,480",20.50%,"$5,857.50",40.30%,"$30,351.10","$33,546.10","13,237",4,https://www.reddit.com/r/drhorton,343,,,,,,,,
121,Jabil,1966,Manufacturing,"$33,478",14.30%,$996,43.10%,"$19,717","$11,749.50","250,000",-2,https://www.reddit.com/r/JABIL/,2,,,,,https://www.reddit.com/user/jabilas,"60,491","9,636",1/15/2017
122,Cheniere Energy,1996,Energy,"$33,428",110.70%,"$1,428",-,"$41,266","$38,407.70","1,551",111,,,,,,,https://www.reddit.com/user/cheniere/,1,0,11/2/2008
123,Broadcom,1991,Technology,"$33,203",21%,"$11,495",70.70%,"$73,249","$267,473.20","20,000",5,https://www.reddit.com/r/Broadcom/,458,,,,https://www.reddit.com/r/BroadcomSucks/,,,,
124,CarMax,1993,Retail,"$33,197.20",65.20%,"$1,151.30",54.10%,"$26,338.30","$10,157.80","32,647",50,https://www.reddit.com/r/carmax/,"11,000",,,https://www.reddit.com/r/Carmax_Hi_Low,,https://www.reddit.com/user/CarMax_Union/,49,14,10/17/2023
125,Starbucks,1971,Food and Beverage,"$32,250.30",11%,"$3,281.60",-21.90%,"$27,978.40","$119,676.60","402,000",-5,https://www.reddit.com/r/starbucks/,"285,000",,,,https://www.reddit.com/r/StarbucksShaming/,https://www.reddit.com/user/Starbucks/,6,0,11/1/2024
126,Molina Healthcare,1980,Healthcare,"$31,974",15.10%,$792,20.20%,"$12,314","$15,586.30","15,000",-1,,,,,,,,,,
127,Uber Technologies,2009,Transportation and Logistics,"$31,877",82.60%,"-$9,141",-,"$32,109","$63,839.70","32,800",83,https://www.reddit.com/r/uber/,"61,000",,,,,https://www.reddit.com/user/UberTechnologies/,11,1,3/26/2014
128,Philip Morris International,2008,Consumer Goods,"$31,762",1.10%,"$9,048",-0.70%,"$61,681","$150,946.40","79,800",-18,,,,,,,,,,
129,Netflix,1997,Media and Entertainment,"$31,615.60",6.50%,"$4,491.90",-12.20%,"$48,594.80","$153,858.40","12,800",-14,https://www.reddit.com/r/netflix/,"1,700,000",,,https://www.reddit.com/r/PerfectMatchNetflix/,,https://www.reddit.com/user/netflix/,"334,667","88,875",6/3/2019
130,NRG Energy,1992,Energy,"$31,543",16.90%,"$1,221",-44.20%,"$29,146","$7,964.50","6,603",3,,,,,,,https://www.reddit.com/user/NRG-Energy/,1,0,9/2/2011
131,Mondelez International,2012,Food and Beverage,"$31,496",9.70%,"$2,717",-36.80%,"$71,161","$95,049.80","91,000",-10,,,,,,,,,,
132,Danaher,1969,Healthcare,"$31,471",6.90%,"$7,209",12.10%,"$84,350","$183,764.10","80,000",-14,https://www.reddit.com/r/Danaher/,3,,,,,https://www.reddit.com/user/Danaher2013/,1,0,6/30/2023
133,Salesforce,1999,Technology,"$31,352",18.30%,$208,-85.60%,"$98,849","$199,780","79,390",3,https://www.reddit.com/r/salesforce/,"77,000",,,,,https://www.reddit.com/user/salesforce/,12,12,12/5/2021
134,Paramount Global,2019,Media and Entertainment,"$31,331",5.90%,"$1,104",-75.70%,"$58,393","$14,656.70","27,400",-18,https://www.reddit.com/r/paramountglobal/,"1,400",,,,,https://www.reddit.com/user/ParamountPlus/,655,"4,689",9/1/2021
135,CBRE Group,1906,Real Estate,"$30,828.20",11.10%,"$1,407.40",-23.40%,"$20,513.40","$22,563.20","115,000",-9,,,,,,,https://www.reddit.com/user/CBRE_AMZ,1,0,7/18/2024
136,Micron Technology,1978,Technology,"$30,758",11%,"$8,687",48.20%,"$66,283","$66,035.80","48,000",-9,https://www.reddit.com/r/MicronTechnology/,100,,,,,https://www.reddit.com/user/MicronTechnology/,1,0,6/5/2022
137,Visa,1958,Financial Services,"$29,310",21.60%,"$14,957",21.50%,"$85,501","$475,307.10","26,500",10,https://www.reddit.com/r/Visa/,488,,,,,,,,
138,Southern,1945,Utilities,"$29,279",26.70%,"$3,524",47.30%,"$134,891","$75,947.60","27,562",15,https://www.reddit.com/r/Southern/,583,,,,,,,,
139,United Natural Foods,1976,Food and Beverage,"$28,928",7.20%,$248,66.40%,"$7,628","$1,565.10","30,300",-7,https://www.reddit.com/r/NaturalFoods/,550,,,,,,,,
140,Paccar,1905,Manufacturing,"$28,819.70",22.50%,"$3,011.60",62.60%,"$33,275.50","$38,251","31,100",11,https://www.reddit.com/r/Paccar/,96,,,,,https://www.reddit.com/user/paccar579/,"1,955",164,12/12/2019
141,Duke Energy,1904,Utilities,"$28,784",16.60%,"$2,550",-34.70%,"$178,086","$74,344.40","27,859",4,,,,,,,https://www.reddit.com/user/DukeEnergy/,1,0,8/10/2016
142,Eli Lilly,1876,Healthcare,"$28,541.40",0.80%,"$6,244.80",11.90%,"$49,489.80","$326,350.70","39,000",-20,https://www.reddit.com/r/elililly/,1,,,,,https://www.reddit.com/user/eli_lilly/,42,"1,925",2/7/2014
143,Hewlett Packard Enterprise,2015,Technology,"$28,496",2.60%,$868,-74.70%,"$57,123","$20,643.20","60,200",-20,https://www.reddit.com/r/HPE/,"2,200",,,,,,,,
144,Dollar Tree,1986,Retail,"$28,331.70",7.60%,"$1,615.40",21.70%,"$23,022.10","$31,757.20","136,287",-7,https://www.reddit.com/r/DollarTree/,"40,000",,,,,https://www.reddit.com/user/dollarTreeWaffles/,113,20,12/12/2020
145,Lithia Motors,1946,Retail,"$28,187.80",23.50%,"$1,251",18%,"$15,006.60","$6,337.10","21,875",13,https://www.reddit.com/r/askcarsales/comments/13jfgri/lithia_motors/,"227,000",,,,,https://www.reddit.com/user/Lithia_Motors/,1,54,#REF!
146,Cummins,1919,Manufacturing,"$28,074",16.90%,"$2,151",0.90%,"$30,299","$33,811","73,600",3,https://www.reddit.com/r/Cummins/,"17,000",,,,,https://www.reddit.com/user/cummins0990/,1,12,2/18/2020
147,Penske Automotive Group,1990,Automotive,"$27,814.80",8.80%,"$1,380",16.20%,"$14,114.60","$9,794.70","26,816",-5,,,,,,,https://www.reddit.com/user/PenskeAutomotive/,1,0,2/2/2011
148,PayPal Holdings,1998,Financial Services,"$27,518",8.50%,"$2,419",-42%,"$78,717","$85,916.50","29,900",-5,https://www.reddit.com/r/paypal/,"60,000",,,,,https://www.reddit.com/user/PayPalOfficial/,12,0,9/21/2008
149,U.S. Bancorp,1863,Financial Services,"$27,401",15.50%,"$5,825",-26.80%,"$674,805","$55,221","76,646",1,,,,,,,https://www.reddit.com/user/usbancorpcap74/,1,0,9/23/2017
150,Gilead Sciences,1987,Healthcare,"$27,281",-0.10%,"$4,592",-26.20%,"$63,171","$103,614.30","17,000",-21,,,,,,https://www.reddit.com/user/fuck_gilead_sciences/,,,,
151,AutoNation,1996,Retail,"$26,985",4.40%,"$1,377.40",0.30%,"$10,059.70","$6,301.40","23,600",-10,,,,,,,https://www.reddit.com/user/AutoNationX/,1,0,12/12/2024
152,Nvidia,1993,Technology,"$26,974",0.20%,"$4,368",-55.20%,"$41,182","$686,091.90","26,196",-18,https://www.reddit.com/r/nvidia/,"1,800,000",,,,https://www.reddit.com/r/FuckNvidia/,https://www.reddit.com/user/Nvidia/,1,"2,385",3/17/2010
153,Kraft Heinz,2015,Food and Beverage,"$26,485",1.70%,"$2,363",133.50%,"$90,513","$47,448","37,000",-14,https://www.reddit.com/r/KraftHeinz/,1,,,,,https://www.reddit.com/user/kraftheinz43812/,1,0,1/23/2024
154,Amgen,1980,Healthcare,"$26,323",1.30%,"$6,552",11.20%,"$65,121","$129,088.80","25,200",-14,,,,,,,https://www.reddit.com/user/amgentos/,1,0,3/12/2022
155,Applied Materials,1967,Technology,"$25,785",11.80%,"$6,525",10.80%,"$26,726","$103,805.90","33,000",1,https://www.reddit.com/r/AppliedMaterials/,149,,,,,,,,
156,EOG Resources,1999,Energy,"$25,702",37.90%,"$7,759",66.40%,"$41,371","$67,370.80","2,850",37,,,,,,,https://www.reddit.com/user/Eog-/,1,0,3/26/2023
157,Truist Financial,2019,Financial Services,"$25,356",9.90%,"$6,260",-2.80%,"$555,255","$45,289.60","53,987",-2,https://www.reddit.com/r/TruistFinancial/,1,,,,,https://www.reddit.com/user/truistfinancial/,1,0,9/3/2023
158,Macy's,1858,Retail,"$25,305",0.10%,"$1,177",-17.70%,"$16,866","$4,746.70","94,570",-14,https://www.reddit.com/r/MacysStores/,"2,400",https://www.reddit.com/r/MacysEmployees/,,,,https://www.reddit.com/user/macysaurus/,565,334,10/16/2018
159,Union Pacific,1862,Transportation,"$24,875",14.10%,"$6,998",7.30%,"$65,449","$123,145.60","33,179",4,https://www.reddit.com/r/UnionPacific/,945,,,,,https://www.reddit.com/user/UnionPacific_ET44AC/,191,233,7/17/2020
160,C.H. Robinson Worldwide,1905,Transportation and Logistics,"$24,696.60",6.90%,$940.50,11.40%,"$5,954.60","$11,416.50","17,399",-6,,,,,,,https://www.reddit.com/user/R-H-Worldwide/,1,0,10/27/2022
161,Rite Aid,1962,Pharmaceutical Retail,"$24,568.30",2.20%,-$538.50,-,"$8,529",$126.60,"53,000",-13,https://www.reddit.com/r/RiteAid/,"4,500",https://www.reddit.com/r/RiteAidEmployees/,,,,,,,
162,Constellation Energy,1999,Energy,"$24,440",-,-$160,-,"$46,909","$25,711.60","13,370",-,,,,,,,,,,
163,Avnet,1921,Technology,"$24,310.70",24.40%,$692.40,258.50%,"$10,388.50","$4,130.40","15,300",17,,,,,,,https://www.reddit.com/user/AvnetInc/,1,0,5/31/2018
164,Pioneer Natural Resources,1997,Energy,"$24,294",65.90%,"$7,845",270.40%,"$35,740","$47,997.20","2,076",84,,,,,,,https://www.reddit.com/user/NaturalResources/,1,0,10/28/2013
165,Southwest Airlines,1967,Transportation,"$23,814",50.80%,$539,-44.80%,"$35,369","$19,338.10","66,656",69,https://www.reddit.com/r/SouthwestAirlines/,"59,000",,,,,https://www.reddit.com/user/southwestairlines/,1,0,1/14/2014
166,CDW,1984,Technology,"$23,748.70",14.10%,"$1,114.50",12.70%,"$13,131.50","$26,336.70","15,100",-,https://www.reddit.com/r/CDWTP/,215,,,,,https://www.reddit.com/user/CDW_Corporation,90,0,9/16/2019
167,Advanced Micro Devices,1969,Technology,"$23,601",43.60%,"$1,320",-58.30%,"$67,580","$157,737.90","25,000",59,https://www.reddit.com/r/AdvancedMicroDevices/,"4,200",,,,,https://www.reddit.com/user/AdvancedMicroDev/,1,0,11/4/2021
168,PNC Financial Services Group,1845,Financial Services,"$23,542",19.50%,"$6,041",6.50%,"$557,263","$50,799.60","60,720",10,,,,,,,,,,
169,McDonald's,1955,Food and Beverage,"$23,182.60",-0.20%,"$6,177.40",-18.10%,"$50,435.60","$204,533.90","150,000",-17,https://www.reddit.com/r/McDonalds/,"64,000",https://www.reddit.com/r/McDonaldsEmployees/,"63,000",,,https://www.reddit.com/user/McDonaldsUSA/,"2,560",250,7/28/2017
170,Cleveland-Cliffs,1847,Manufacturing,"$22,989",12.40%,"$1,335",-55.30%,"$18,755","$9,436.10","27,000",1,,,,,,,https://www.reddit.com/user/ClevelandCliffs-CLF/,271,"12,164",1/21/2021
171,Freeport-McMoRan,1981,Mining,"$22,780",-0.30%,"$3,468",-19.50%,"$51,093","$58,529.70","25,600",-14,https://www.reddit.com/r/freeport/,115,,,,,https://www.reddit.com/user/freeport/,56,"2,278",7/17/2012
172,Builders FirstSource,1998,Construction and Engineering,"$22,726.40",14.20%,"$2,749.40",59.30%,"$10,595.20","$12,252.70","29,000",4,https://www.reddit.com/r/buildersfirstsource/,3,,,,,https://www.reddit.com/user/Builders02/,1,137,#REF!
,Oneok,1906,Energy Infrastructure,"$22,386.90",35.30%,"$1,722.20",14.80%,"$24,379.10","$28,416.40","2,966",51,,,,,,,https://www.reddit.com/user/OneOk348/,17,16,5/16/2023
174,Hartford Financial Services Group,1810,Insurance,"$22,362",-0.10%,"$1,815",-23.30%,"$73,022","$21,816.90","18,800",-14,,,,,,,,,,
175,Charles Schwab,1971,Financial Services,"$22,307",17.40%,"$7,183",22.70%,"$551,772","$95,264.10","35,300",13,https://www.reddit.com/r/CharlesSchwab/,"3,100",,,,,https://www.reddit.com/user/CharlesSchwabOvaHee/,1,"8,202",6/16/2020
176,Steel Dynamics,1993,Manufacturing,"$22,260.80",20.90%,"$3,862.70",20.20%,"$14,160","$19,286.40","12,060",20,,,,,,,https://www.reddit.com/user/SteeleDynamics/,"15,041","38,660",7/4/2016
177,Mastercard,1966,Financial Services,"$22,237",17.80%,"$9,930",14.30%,"$38,724","$346,417.90","29,900",13,https://www.reddit.com/r/Mastercard/,214,,,,,https://www.reddit.com/user/MastercardR/,1,0,6/6/2022
178,Sherwin-Williams,1866,Chemicals,"$22,148.90",11.10%,"$2,020.10",8.40%,"$22,594","$58,090.10","64,366",-3,https://www.reddit.com/r/sherwinwilliams/,"25,000",,,,,https://www.reddit.com/user/SherwinWilliamsHR/,394,314,1/6/2019
179,Genuine Parts,1928,Automotive,"$22,096",17.10%,"$1,182.70",31.60%,"$16,495.40","$23,558.70","58,000",12,,,,,,,,,,
180,PG&E,1905,Utilities,"$21,680",5%,"$1,800",-,"$118,644","$32,153.50","26,010",-12,https://www.reddit.com/r/PGE_4/,18,,,,https://www.reddit.com/r/fuckPGandE/,https://www.reddit.com/user/PGE437/,51,972,8/10/2019
181,WESCO International,1922,Distribution,"$21,420.10",17.60%,$860.50,84.90%,"$14,811.70","$7,896.90","20,000",19,,,,,,,https://www.reddit.com/user/wesco_/,49,"5,350",7/2/2017
182,Murphy USA,2013,Energy,"$21,265.90",38.80%,$672.90,69.50%,"$4,123.20","$5,620.90","10,550",58,https://www.reddit.com/r/MurphyUSA/,202,,,,,https://www.reddit.com/user/MurphyDogUSA/,1,0,2/21/2024
183,WestRock,2015,Manufacturing,"$21,256.50",13.40%,$944.60,12.70%,"$28,405.50","$7,759.20","50,500",9,,,,,,,https://www.reddit.com/user/westrock/,1,203,10/29/2013
184,International Paper,1898,Manufacturing,"$21,161",-2.80%,"$1,504",-14.20%,"$23,940","$12,598.10","39,000",-20,,,,,,,,,,
185,Baker Hughes,1907,Energy,"$21,156",3.20%,-$601,-,"$34,181","$29,385.80","55,000",-15,,,,,,,https://www.reddit.com/user/Bakerhughes303/,1,0,6/24/2022
186,United States Steel,1901,Manufacturing,"$21,065",3.90%,"$2,524",-39.50%,"$19,458","$5,929.80","22,740",-14,https://www.reddit.com/r/TheUnitedStates/,"1,800",https://www.reddit.com/r/UnitedSteelWorkers/,,,,,,,
187,NextEra Energy,1925,Energy,"$20,956",22.80%,"$4,147",16.10%,"$158,935","$153,196.10","15,300",28,,,,,,,https://www.reddit.com/user/NextEra/,1,0,10/10/2017
188,Targa Resources,2003,Energy Infrastructure,"$20,929.80",23.50%,"$1,195.50",1579.10%,"$19,560","$16,506.80","2,850",28,,,,,,,https://www.reddit.com/user/_Targa/,1,0,4/29/2021
189,Lear,1917,Automotive,"$20,891.50",8.50%,$327.70,-12.40%,"$13,763","$8,248.10","168,700",-3,,,,,,,,,,
190,Jones Lang LaSalle,1783,Real Estate,"$20,862.10",7.70%,$654.50,-31.90%,"$15,593.70","$6,925.60","103,300",-5,,,,,,,https://www.reddit.com/user/JonesLangLaSalle/,1,0,3/23/2012
191,Goodyear Tire & Rubber,1898,Automotive,"$20,805",19%,$202,-73.60%,"$22,431","$3,121.60","74,000",18,,,,,,,,,,
192,Marriott International,1927,Hospitality,"$20,773",49.90%,"$2,358",114.60%,"$24,815","$51,287","140,000",78,https://www.reddit.com/r/marriott/,"71,000",,,,,https://www.reddit.com/user/Marriott-/,1,0,12/29/2022
193,Marsh & McLennan,1871,Professional Services,"$20,720",4.50%,"$3,050",-3%,"$33,454","$82,370.90","85,000",-16,,,,,,,,,,
194,Altria Group,1985,Consumer Goods,"$20,688",-2%,"$5,764",132.90%,"$36,954","$79,671.90","6,300",-29,,,,,,,https://www.reddit.com/user/Altria__/,1,0,10/11/2021
195,Coupang,2010,Retail,"$20,582.60",11.80%,-$92,-,"$9,512.90","$28,387.90","63,000",-,https://www.reddit.com/r/Coupang/,706,,,,,https://www.reddit.com/user/coupang/,9,0,3/10/2019
196,Carrier Global,2020,Manufacturing,"$20,421",-0.90%,"$3,534",112.40%,"$26,086","$38,199","52,000",-27,,,,,,,,,,
197,Halliburton,1919,Energy,"$20,297",32.70%,"$1,572",7.90%,"$23,255","$28,605.10","45,000",44,https://www.reddit.com/r/Halliburton/,126,,,,,https://www.reddit.com/user/HalliburtonCompany/,"1,220",271,9/15/2020
198,Delek US Holdings,2001,Energy,"$20,245.80",90.10%,$257.10,-,"$8,192.80","$1,537.50","3,746",148,,,,,,,,,,
199,Kimberly-Clark,1872,Consumer Goods,"$20,175",3.80%,"$1,934",6.60%,"$17,970","$45,293","44,000",-17,,,,,,,https://www.reddit.com/user/Kimberly_clark_/,1,0,3/31/2023
200,Texas Instruments,1930,Technology,"$20,028",9.20%,"$8,749",12.60%,"$27,207","$168,774.70","33,000",-2,https://www.reddit.com/r/TexasInstruments/,872,,,,,https://www.reddit.com/user/texasInstruments_84/,354,"1,006",12/23/2023
201,Bank of New York Mellon,1784,Financial Services,"$19,991",23.70%,"$2,573",-31.60%,"$405,783","$36,735.70","51,700",28,,,,,,,,,,
202,ManpowerGroup,1948,Professional Services,"$19,827.50",-4.30%,$373.80,-2.20%,"$9,130.40","$4,191.30","30,900",-35,,,,,,,,,,9/3/2022
203,Whirlpool,1911,Consumer Goods,"$19,724",-10.30%,"-$1,519",-185.20%,"$17,124","$7,196.50","61,000",-41,https://www.reddit.com/r/Whirlpool,367,,,,,https://www.reddit.com/user/Whirlpool/,1,0,9/14/2023
204,Waste Management,1968,Waste Management,"$19,698",9.90%,"$2,238",23.20%,"$31,367","$66,372.20","49,500",-1,https://www.reddit.com/r/wastemanagement,366,,,,,https://www.reddit.com/user/wastemanagementra/,1,0,1/17/2023
205,American Electric Power,1906,Utilities,"$19,639.50",17%,"$2,307.20",-7.30%,"$93,469.40","$46,805.90","16,974",14,,,,,,,,,,
206,Emerson Electric,1890,Manufacturing,"$19,629",7.60%,"$3,231",40.30%,"$35,672","$49,791.80","85,500",-7,,,,,,,,,,
207,Aflac,1955,Insurance,"$19,502",-11.80%,"$4,201",-2.90%,"$131,017","$39,467.40","12,882",-46,https://www.reddit.com/r/aflac,66,,,,,https://www.reddit.com/user/aflac/,1,0,1/30/2023
208,Cognizant Technology Solutions,1994,Technology,"$19,428",5%,"$2,290",7.20%,"$17,852","$31,031.30","355,300",-14,,,,,,,,,,
209,Becton Dickinson,1897,Healthcare,"$19,408",-4.10%,"$1,779",-15%,"$52,934","$70,277","77,000",-36,https://www.reddit.com/r/Dickinson/,407,,,,,https://www.reddit.com/user/Becton_Dickinson/,1,0,7/1/2023
210,BJ's Wholesale Club,1984,Retail,"$19,315.20",15.90%,$513.20,20.30%,"$6,350","$10,186","34,000",11,https://www.reddit.com/r/BJsWholesaleClub,"5,100",,,,,https://www.reddit.com/user/BJsWholesaleClub/,1,0,5/18/2023
211,Moderna,2010,Healthcare,"$19,263",4.30%,"$8,362",-31.50%,"$25,858","$59,232.40","3,900",-16,,,,,,,,,,
212,DTE Energy,1995,Utilities,"$19,228",25.10%,"$1,083",19.40%,"$42,683","$22,577.10","10,250",27,https://www.reddit.com/r/DTEenergy/,1,,,,,https://www.reddit.com/user/DTE_Energy/,1,0,12/1/2023
213,Land O'Lakes,1921,Agriculture,"$19,225.70",20.80%,$241.20,-16.10%,"$9,769.60",-,"9,000",19,https://www.reddit.com/r/LandOLakesFL,12,,,,,,,,
214,Kinder Morgan,1997,Energy Infrastructure,"$19,200",15.60%,"$2,548",42.80%,"$70,078","$39,362.90","10,525",9,,,,,,,https://www.reddit.com/user/kindermorgan/,,,7/14/2020
215,Tenet Healthcare,1967,Healthcare,"$19,174",-1.60%,$411,-55%,"$27,156","$6,077.10","89,088",-34,,,,,,,,,,
216,Devon Energy,1971,Energy,"$19,169",57%,"$6,015",113.80%,"$23,721","$33,098.90","1,800",93,,,,,,,,,,
217,Mosaic,2004,Chemicals,"$19,125.20",54.80%,"$3,582.80",119.70%,"$23,386","$15,438","13,570",88,https://www.reddit.com/r/Mosaic,"5,800",,,https://www.reddit.com/r/MosaicPorn,,https://www.reddit.com/user/mosaic_kid/,"1,392","1,402",9/24/2011
218,Exelon,2000,Utilities,"$19,078",-47.50%,"$2,170",27.20%,"$95,349","$41,651.20","19,063",-119,,,,,,,,,,
219,General Mills,1928,Food and Beverage,"$18,992.80",4.80%,"$2,707.30",15.70%,"$31,090.10","$50,195.30","32,500",-18,,,,,,,https://www.reddit.com/user/GeneralMillss/,"3,368","78,210",10/3/2011
220,Global Partners,1933,Energy,"$18,877.90",42.50%,$362.20,495.80%,"$3,160.90","$1,054.50","3,585",60,,,,,,,,,,
221,Western Digital,1970,Technology,"$18,793",11.10%,"$1,500",82.70%,"$26,259","$12,028.90","65,000",-4,https://www.reddit.com/r/WesternDigital,290,,,,,https://www.reddit.com/user/westerndigital/,33,"1,050",3/30/2018
222,Lincoln National,1905,Insurance,"$18,766",-5.50%,"-$2,241",-218.80%,"$335,108","$3,802.40","11,316",-35,,,,,,,,,,
223,Ross Stores,1982,Retail,"$18,695.80",-1.20%,"$1,512",-12.20%,"$13,416.50","$36,301.60","101,000",-34,,,,,,,https://www.reddit.com/user/Ross-Stores/,1,0,6/9/2019
224,Stryker,1941,Medical Equipment,"$18,449",7.80%,"$2,358",18.30%,"$36,884","$108,228","51,000",-10,https://www.reddit.com/r/Stryker/,9,,,,,https://www.reddit.com/user/stryker2004/,"8,215","10,330",6/9/2019
225,Kyndryl Holdings,2021,Technology,"$18,317",-,"-$2,054",-,"$13,442","$3,358","90,000",-,https://www.reddit.com/r/kyndryl,602,,,,,https://www.reddit.com/user/Kyndryl/,1,0,12/4/2021
226,Kohl's,1962,Retail,"$18,098",-6.90%,-$19,-102%,"$14,345","$2,606.90","66,500",-43,,,,,,,,,,
227,Stanley Black & Decker,1843,Manufacturing,"$18,003.70",4.40%,"$1,062.50",-37.10%,"$24,963.30","$12,333.20","54,200",-15,,,,,,,,,,
228,Colgate-Palmolive,1806,Consumer Goods,"$17,967",3.10%,"$1,785",-17.60%,"$15,731","$62,535.10","33,800",-17,,,,,,,,,,
229,BlackRock,1988,Financial Services,"$17,873",-7.70%,"$5,178",-12.30%,"$117,628","$100,526.20","19,800",-45,https://www.reddit.com/r/blackrock,327,,,,,https://www.reddit.com/user/Blackrock_38/,43,"15,572",4/16/2022
230,Est√©e Lauder,1946,Consumer Goods,"$17,737",9.30%,"$2,530",89.70%,"$83,869","$70,997.10","41,000",-3,,,,,,,,,,
230,Fiserv,1984,Technology,"$17,737",9.40%,"$2,390",-16.70%,"$20,910","$88,040.50","53,865",-2,https://www.reddit.com/r/Fiserv,194,,,,,https://www.reddit.com/user/Fiserv/,1,1,8/23/2023
232,PPG Industries,1883,Chemicals,"$17,652",5.10%,"$1,026",-28.70%,"$20,744","$31,439.10","52,000",-14,,,,,,,,,,
233,Adobe,1982,Technology,"$17,606",11.50%,"$4,756",-1.40%,"$27,165","$176,769.20","29,239",2,https://www.reddit.com/r/Adobe,"19,000",https://www.reddit.com/r/AdobeExpress/,,https://www.reddit.com/r/AfterEffects,https://www.reddit.com/r/FuckAdobe,https://www.reddit.com/user/adobe/,"1,758",182,8/19/2019
234,Block,2009,Technology,"$17,531.60",-0.70%,-$540.70,-425.20%,"$31,364.30","$41,329.10","12,428",-26,https://www.reddit.com/r/BLOCK,294,,,,,https://www.reddit.com/user/block/,1,0,1/16/2009
235,Synchrony Financial,2003,Financial Services,"$17,526",11.30%,"$3,016",-28.50%,"$104,564","$12,709","18,500",1,,,,,,,https://www.reddit.com/user/synchronyfinancial/,1,0,9/28/2022
236,Principal Financial,1879,Financial Services,"$17,491.60",22.60%,"$4,811.60",181.30%,"$292,239.60","$18,067.50","19,300",20,,,,,,,,,,
237,Lumen Technologies,1968,Telecommunications,"$17,478",-11.20%,"-$1,548",-176.10%,"$45,581","$2,653.50","29,000",-58,https://www.reddit.com/r/LumenTechnologies,256,,,,,https://www.reddit.com/user/lumentechnologies/,1,0,8/25/2021
238,Corteva,2019,Chemicals,"$17,455",11.50%,"$1,147",-34.80%,"$42,618","$42,977.20","21,000",-1,https://www.reddit.com/r/farming,"161,000",,,,,https://www.reddit.com/user/Corteva/,1,0,12/13/2013
239,Andersons,1947,Agriculture,"$17,350.50",36.30%,$131.10,26.10%,"$4,608","$1,395.60","2,244",56,,,,,,,,,,
240,Lam Research,1980,Technology,"$17,227",17.80%,"$4,605.30",17.80%,"$17,195.60","$71,532.40","17,700",10,,,,,,,,,,
241,Edison International,1886,Utilities,"$17,220",15.50%,$612,-19.40%,"$78,041","$27,009.70","13,110",2,,,,,,,,,,
242,Dominion Energy,1983,Utilities,"$17,174",20.80%,$994,-69.80%,"$104,243","$46,698.90","17,200",15,https://www.reddit.com/r/DominionEnergy/,2,,,,,https://www.reddit.com/user/dominionenergysolu/,1,0,3/17/2023
243,Booking Holdings,1997,Technology,"$17,090",56%,"$3,058",162.50%,"$25,361","$99,858.90","21,492",97,,,,,,,,,,
244,Quanta Services,1997,Construction and Engineering,"$17,073.90",31.50%,$491.20,1.10%,"$13,464.30","$23,996.20","47,300",41,,,,,,,,,,
245,Expeditors International of Washington,1979,Transportation and Logistics,"$17,071.30",3.30%,"$1,357.40",-4.10%,"$5,590.40","$17,008.70","20,302",-20,,,,,,,,,,
246,L3Harris Technologies,1895,Aerospace and Defense,"$17,062",-4.20%,"$1,062",-42.50%,"$33,524","$37,277.10","46,000",-40,https://www.reddit.com/r/L3Harris,"2,300",,,,,https://www.reddit.com/user/l3harris/,1,0,10/21/2019
247,Reliance Steel & Aluminum,1939,Manufacturing,"$17,025",20.80%,"$1,840.10",30.20%,"$10,329.90","$15,142.40","14,750",14,,,,,,,,,,
248,Live Nation Entertainment,2005,Media and Entertainment,"$16,681.30",166.10%,$296,-,"$16,460.80","$16,211.40","20,550",-,https://www.reddit.com/r/LiveNation,53,,,,https://www.reddit.com/r/FuckLiveNation,https://www.reddit.com/user/Live_Nation/,,,2/10/2023
249,DISH Network,1980,Telecommunications,"$16,679.40",-6.70%,"$2,303.20",-4.50%,"$52,606.60","$4,955.60","14,200",-44,https://www.reddit.com/r/dishnetwork,"3,000",,,,,https://www.reddit.com/user/DISH_Network/,1,0,9/3/2011
250,DuPont,1802,Chemicals,"$16,549",-3.60%,"$5,868",-9.30%,"$41,355","$32,894.90","23,000",-37,https://www.reddit.com/r/DuPont,261,,,,https://www.reddit.com/r/fuckdupont,https://www.reddit.com/user/dupont28/,67,604,1/17/2018
251,Automatic Data Processing,1949,Technology,"$16,498.30",9.90%,"$2,948.90",13.50%,"$63,068.20","$92,247.10","60,000",-9,,,,,,,,,,
252,Group 1 Automotive,1997,Retail,"$16,412.30",18.90%,$751.50,36.10%,"$6,717.50","$3,194.20","15,491",21,,,,,,,,,,
253,Aramark,1936,Professional Services,"$16,326.60",35%,$194.50,-,"$15,082.40","$9,326.40","273,875",61,https://www.reddit.com/r/Aramark/,313,,,https://www.reddit.com/r/UnionizeAutoZone,https://www.reddit.com/r/Aramark,https://www.reddit.com/user/Aramark312/,1,0,7/28/2023
254,Thor Industries,1980,Automotive,"$16,312.50",32.40%,"$1,137.80",72.40%,"$7,408.10","$4,262.30","32,000",52,,,,,,,,,,
255,DXC Technology,2017,Technology,"$16,265",-8.30%,$718,-,"$20,139","$5,819.60","130,000",-48,,,,,,,,,,
256,Viatris,2020,Healthcare,"$16,262.70",-9.10%,"$2,078.60",-,"$50,022.20","$11,513.40","37,000",-52,,,,,,,,,,
257,Reinsurance Group of America,1973,Insurance,"$16,258",-2.40%,$623,1%,"$84,706","$8,876.40","3,800",-35,,,,,,,,,,
258,AutoZone,1979,Retail,"$16,252.20",11.10%,"$2,429.60",11.90%,"$15,275","$45,224.30","90,720",-9,https://www.reddit.com/r/AutoZone,"5,200",,,,,,,,
259,PulteGroup,1950,Construction and Engineering,"$16,229",16.50%,"$2,617.30",34.50%,"$14,796.50","$13,072.80","6,524",8,,,,,,,,,,
260,Illinois Tool Works,1912,Manufacturing,"$15,932",10.20%,"$3,034",12.60%,"$15,422","$74,208.70","46,000",-8, ,,,,,,,,,
261,Parker-Hannifin,1917,Manufacturing,"$15,861.60",10.60%,"$1,315.60",-24.70%,"$25,943.90","$43,111.50","55,090",-8, ,,,,,,,,,
262,BorgWarner,1928,Automotive,"$15,801",6.50%,$944,75.80%,"$16,994","$11,481.20","52,700",-18, ,,,,,,https://www.reddit.com/user/BorgWarner/,2,9,5/11/2014
263,Westlake,1986,Chemicals,"$15,794",34.10%,"$2,247",11.50%,"$20,550","$14,812.30","15,920",57, ,,,,,,https://www.reddit.com/user/Westlake315/,1,0,7/2/2022
264,Consolidated Edison,1824,Utilities,"$15,670",14.60%,"$1,660",23.30%,"$69,065","$33,967.20","14,319",12, ,,,,,,,,,
265,Gap,1969,Apparel,"$15,616",-6.30%,-$202,-178.90%,"$11,386","$3,693","95,000",-45, ,,,,,,,,,
266,Opendoor Technologies,2014,Real Estate,"$15,567",94.10%,"-$1,353",-,"$6,608","$1,130.90","2,570",159,https://www.reddit.com/r/OPENDOORTECH/,"1,100",,,,,,,,
267,Nordstrom,1901,Retail,"$15,530",5%,$245,37.60%,"$8,745","$2,605.70","60,000",-22,https://www.reddit.com/r/Nordstrom1901/,"5,000",,,,,https://www.reddit.com/user/Nordstrom1901/,48,"4,302",7/14/2014
268,Asbury Automotive Group,1995,Retail,"$15,433.80",56.90%,$997.30,87.30%,"$8,021.40","$4,556.70","13,000",92, ,,,,,,,,,
269,Ball,1880,Manufacturing,"$15,349",11.10%,$719,-18.10%,"$19,909","$17,326.30","21,000",3, ,,,,,,https://www.reddit.com/user/ball/,1,0,3/27/2007
270,Kellogg,1906,Food and Beverage,"$15,315",8%,$960,-35.50%,"$18,496","$22,945.10","30,000",-12,https://www.reddit.com/r/kellogg/,81,,,,,https://www.reddit.com/user/kellogg76/,"1,569","9,539",6/13/2010
271,Xcel Energy,1909,Utilities,"$15,310",14%,"$1,736",8.70%,"$61,188","$37,081.70","11,982",7,,,,,,,https://www.reddit.com/user/XcelEnergy/,1,0,5/13/2024
272,W.W. Grainger,1927,Wholesale,"$15,228",16.90%,"$1,547",48.30%,"$7,588","$34,621.50","24,500",12,,,,,,,,,,
273,Discover Financial Services,1985,Financial Services,"$15,202",15%,"$4,392",-19.40%,"$131,628","$25,635.20","20,200",8,,,,,,,,,,
274,Baxter International,1931,Healthcare,"$15,113",18.20%,"-$2,433",-289.50%,"$28,287","$20,504","60,000",18,,,,,,,,,,
275,Southwestern Energy,1929,Energy,"$15,002",125%,"$1,849",-,"$12,926","$5,506.30","1,118",211,,,,,,,,,,
276,DCP Midstream,2005,Energy Infrastructure,"$14,993",40%,"$1,052",169.10%,"$13,334","$8,700.70","1,910",68,,,,,,,https://www.reddit.com/user/dcp-/,95,0,8/15/2021
277,Jacobs Solutions,1947,Construction and Engineering,"$14,922.80",5.90%,$644,35%,"$14,660.40","$14,890.20","58,350",-15,,,,,,,https://www.reddit.com/user/JacobsSolutions/,1,0,5/23/2019
278,Laboratory Corp. of America,1978,Healthcare,"$14,876.80",-7.70%,"$1,279.10",-46.20%,"$20,155.10","$20,303.90","75,200",-48,,,,,,,,,,
279,CSX,1980,Transportation,"$14,853",18.60%,"$4,166",10.20%,"$41,912","$61,330","22,542",19,https://www.reddit.com/r/CSX,56,,,,,, ,,
280,J.B. Hunt Transport Services,1961,Transportation,"$14,814",21.70%,$969.40,27.40%,"$7,786.60","$18,207.50","37,151",31,,,,,,,, ,,
281,Guardian Life Ins. Co. of America,1860,Insurance,"$14,653",-,$71,-75.40%,"$91,620",-,"8,025",-34,,,,,,,, ,,
282,Jackson Financial,1961,Financial Services,"$14,551",57.40%,"$5,697",79%,"$311,058","$3,078.10","3,435",113,,,,,,,, ,,
283,Fidelity National Information Services,1968,Technology,"$14,528",4.70%,"-$16,720",-4109.60%,"$63,278","$32,159.90","69,000",-15,,,,,,,, ,,
284,Berry Global Group,1967,Manufacturing,"$14,495",4.70%,$766,4.50%,"$16,956","$7,150.50","46,000",-13,,,,,,,,,,
285,Sempra,1998,Utilities,"$14,439",12.30%,"$2,138",62.30%,"$78,574","$47,562.50","15,785",3,,,,,,,https://www.reddit.com/user/Sempra15/,1,0,7/5/2021
286,IQVIA Holdings,2016,Healthcare,"$14,410",3.90%,"$1,091",12.90%,"$25,337","$37,021.60","86,000",-17,,,,,,,,,,
287,O'Reilly Automotive,1957,Retail,"$14,409.90",8.10%,"$2,172.70",0.40%,"$12,628","$52,269.30","79,679",-8,,,,,,,,,,
288,Leidos Holdings,1969,Professional Services,"$14,396",4.80%,$685,-9%,"$13,071","$12,630","45,000",-14,,,,,,,,,,
289,Ameriprise Financial,1894,Financial Services,"$14,347",6.70%,"$2,559",-7.30%,"$158,468","$32,227.80","13,500",-12,,,,,,,https://www.reddit.com/user/AmeripriseFinancial/,1,0,10/18/2016
290,Omnicom Group,1986,Professional Services,"$14,289.10",-,"$1,316.50",-6.50%,"$27,002.50","$19,000.90","74,200",-35,https://www.reddit.com/r/OmnicomGroup/,1,,,,,,,,
291,Tractor Supply,1938,Retail,"$14,204.70",11.60%,"$1,088.70",9.20%,"$8,490","$25,829.80","36,500",3,https://www.reddit.com/r/tractorsupply/,"2,000",,,,,https://www.reddit.com/user/tractorsupply/,1,0,12/17/2020
292,Corning,1851,Technology,"$14,189",0.80%,"$1,316",-31%,"$29,499","$29,890.30","57,500",-29,https://www.reddit.com/r/Corning/,673,,,,,,,,
293,Ecolab,1923,Chemicals,"$14,187.80",11.40%,"$1,091.70",-3.40%,"$21,464.30","$47,121.30","47,000",-,https://www.reddit.com/r/ecolab/,5,,,,,https://www.reddit.com/user/EcoLab420/,1,164,6/25/2021
294,Icahn Enterprises,1987,Conglomerate,"$14,101",24.50%,-$183,-,"$27,914","$18,283.20","20,041",34,,,,,,,,,,
295,Farmers Insurance Exchange,1928,Insurance,"$14,092.30",0.30%,-$314.20,-,"$22,979.20",-,"11,344",-31,https://www.reddit.com/r/farmersinsurance,"1,000",https://www.reddit.com/r/FIG_employees,514,,,,,,
296,Keurig Dr Pepper,1981,Food and Beverage,"$14,057",10.80%,"$1,436",-33.10%,"$51,837","$49,619.50","28,000",-,https://www.reddit.com/r/DrPepper,"36,000",https://www.reddit.com/r/DrPepperGang,,,,https://www.reddit.com/user/DrPepper_US/,"1,365",7,3/11/2021
297,Loews,1954,Conglomerate,"$14,044",-4.20%,"$1,012",-35.90%,"$75,494","$13,395.40","12,050",-51,,,,,,,,,,
298,Equitable Holdings,1859,Financial Services,"$14,017",27%,"$1,785",-,"$253,468","$9,186.30","10,250",38,,,,,,,,,,
299,Sonic Automotive,1997,Retail,"$14,001.10",12.90%,$88.50,-74.60%,"$4,978.30","$1,929.50","10,300",1,,,,,,,,,,
300,Fox,2019,Media and Entertainment,"$13,974",8.30%,"$1,205",-44%,"$22,185","$17,550.70","10,600",-13,https://www.reddit.com/r/Fox,"5,900",,,,,https://www.reddit.com/user/Fox/,1,0,9/20/2006
301,American Family Insurance Group,1927,Insurance,"$13,813.80",-5.50%,"-$1,904.40",-359.30%,"$36,087.70",-,"12,990",-50,,,,,,, ,,,
302,Entergy,1913,Utilities,"$13,764.20",17.20%,"$1,103.20",-1.40%,"$58,595.20","$22,850.70","11,707",19,,,,,,https://www.reddit.com/r/fuckentergy,https://www.reddit.com/user/entergy/,1,0,3/28/2010
303,Fluor,1912,Construction and Engineering,"$13,744",-2.90%,$145,-,"$6,827","$4,392.30","39,576",-44,,,,,,, ,,,
304,Vistra,2016,Energy,"$13,728",13.70%,"-$1,227",-,"$32,787","$9,154.90","4,910",11,https://www.reddit.com/r/Vistra,73,,,,,https://www.reddit.com/user/Vistraa/,"4,311","1,976",9/3/2016
305,State Street,1792,Financial Services,"$13,692",13.80%,"$2,774",3%,"$301,450","$26,073.60","42,226",11,,,,,,, ,,,
306,Otis Worldwide,1853,Manufacturing,"$13,685",-4.30%,"$1,253",0.60%,"$9,819","$35,015","69,000",-52,,,,,,,,,,
307,Peter Kiewit Sons',1884,Construction and Engineering,"$13,663",12.50%,$710,-5.70%,"$7,220",-,"25,700",6,,,,,,,https://www.reddit.com/user/peter_sons/,1,0,6/29/2023
308,Carvana,2012,Retail,"$13,604",6.20%,"-$1,587",-,"$8,698","$1,760.80","16,600",-18,https://www.reddit.com/r/carvana,"24,000",https://www.reddit.com/r/carvanaemployees,,,,https://www.reddit.com/user/Carvana/,943,206,2/10/2023
309,Republic Services,1998,Waste Management,"$13,511.30",19.60%,"$1,487.60",15.30%,"$29,052.90","$42,762.50","40,000",20,https://www.reddit.com/r/RepublicServices,52,,,,,https://www.reddit.com/user/republic_services/,2,0,6/1/2017
310,AECOM,1990,Construction and Engineering,"$13,495.60",-4.40%,$310.60,79.40%,"$11,139.30","$11,716.30","50,000",-50,,,,,,, ,,,
311,Universal Health Services,1979,Healthcare,"$13,399.40",6%,$675.60,-31.90%,"$13,494.20","$8,982.20","82,500",-14,https://www.reddit.com/r/UniversalHealthCare/,"1,700",,,,, ,,,
312,Pacific Life,1868,Insurance,"$13,360",-4.10%,$763,-30.80%,"$199,324",-,"3,950",-46,,,,,,,https://www.reddit.com/user/PacificLife/,1,0,5/22/2009
313,VMware,1998,Technology,"$13,350",3.90%,"$1,314",-27.80%,"$31,237","$53,496.10","38,300",-,https://www.reddit.com/r/vmware,"146,000",,,,,https://www.reddit.com/user/VMware_Official/,104,0,2/27/2019
314,Western & Southern Financial Group,1888,Insurance,"$13,156.10",39.30%,$309.20,-14.40%,"$69,147.20",-,"2,594",58,,,,,,, ,,,
315,MGM Resorts International,1986,Hospitality,"$13,127.50",35.60%,"$1,473.10",17.40%,"$45,692.20","$16,563.90","66,000",49,https://www.reddit.com/r/MGMresorts,26,,,,,https://www.reddit.com/user/_MGM_/,14,"8,105",1/7/2017
316,Casey's General Stores,1968,Retail,"$12,952.60",48.80%,$339.80,8.60%,"$5,505.70","$8,065.80","31,466",129,https://www.reddit.com/r/Caseys,"1,100",,,,,https://www.reddit.com/user/generalStores/,1,0,5/11/2019
317,Crown Holdings,1892,Manufacturing,"$12,943",-0.30%,$727,-,"$14,301","$9,934.10","26,000",-31,,,,,,, ,,,
318,Textron,1923,Aerospace and Defense,"$12,869",3.90%,$861,15.40%,"$16,293","$14,384.50","34,000",-16,https://www.reddit.com/r/textron,2,,,,,https://www.reddit.com/user/TexTronic/,1,0,9/8/2022
319,LKQ,1998,Automotive,"$12,794",-2.30%,"$1,149",5.30%,"$12,038","$15,171.40","45,000",-36,,,,,,,https://www.reddit.com/user/lkqlkq/,1,0,11/28/2023
320,Norfolk Southern,1982,Transportation,"$12,745",14.40%,"$3,270",8.80%,"$38,885","$48,257.20","19,300",12,https://www.reddit.com/r/norfolksouthern,378,,,,,https://www.reddit.com/user/NorfolkSouthern/,904,"5,139",10/4/2012
321,Intuit,1983,Technology,"$12,726",32.10%,"$2,066",0.20%,"$27,734","$125,076","21,850",45,,,,,,,https://www.reddit.com/user/Intuit_Official/,44,0,1/25/2019
322,Air Products & Chemicals,1940,Chemicals,"$12,698.60",23%,"$2,256.10",7.50%,"$27,192.60","$63,784.40","20,805",28,,,,,,, ,,,
323,Boston Scientific,1979,Healthcare,"$12,682",6.70%,$698,-32.90%,"$32,469","$71,909.50","45,000",-4,,,,,,,https://www.reddit.com/user/BostonScientific/,1,58,3/29/2021
324,AGCO,1990,Manufacturing,"$12,651.40",13.60%,$889.60,-0.80%,"$10,103.70","$10,119.20","25,600",10,https://www.reddit.com/r/AGCO,3,,,,, ,,,
325,Henry Schein,1932,Healthcare,"$12,647",2%,$538,-14.80%,"$8,607","$10,704.90","22,000",-26,,,,,,,https://www.reddit.com/user/HenrySchein531/,1,0,3/11/2019
326,Amphenol,1932,Manufacturing,"$12,623",16.10%,"$1,902.30",19.60%,"$15,326.20","$48,591.10","91,000",15,,,,,,,https://www.reddit.com/user/Amphenol/,1,104,4/8/2014
327,AES,1981,Energy,"$12,617",13.20%,-$546,-,"$38,363","$16,110.30","9,100",6,https://www.reddit.com/r/AES,562,,,,, ,,,
328,Mutual of Omaha Insurance,1909,Insurance,"$12,530.60",8.10%,-$177.20,-200.20%,"$45,139.60",-,"6,350",-4,,,,,,,https://www.reddit.com/user/MutualOfOmahas/,1,4,9/29/2021
329,Ovintiv,2002,Energy,"$12,464",44%,"$3,637",156.90%,"$15,056","$8,771.90","1,744",71,,,,,,, ,,,
330,Hormel Foods,1891,Food and Beverage,"$12,458.80",9.40%,"$1,000",10%,"$13,306.90","$21,795.70","20,000",-3,,,,,,,https://www.reddit.com/user/HormelFoods/,1,4,12/13/2011
331,Alcoa,1888,Manufacturing,"$12,451",2.50%,-$123,-128.70%,"$14,756","$7,590.80","13,100",-19,,,,,,, ,,,
332,International Flavors & Fragrances,1958,Chemicals,"$12,440",6.70%,"-$1,871",-793%,"$35,407","$23,456","24,600",-10,,,,,,, ,,,
333,Jones Financial (Edward Jones),1922,Financial Services,"$12,411",0.30%,"$1,404",-12.50%,"$29,892",-,"52,000",-30,,,,,,, ,,,
334,Dick's Sporting Goods,1948,Retail,"$12,368.20",0.60%,"$1,043.10",-31.40%,"$8,992.20","$12,148.40","35,800",-27,https://www.reddit.com/r/dickssportinggoods,"1,600",,,,, ,,,
335,Eversource Energy,1966,Utilities,"$12,289.30",24.60%,"$1,404.90",15.10%,"$53,230.90","$27,287.20","9,626",23,,,,,,, ,,,
336,Wayfair,2002,Retail,"$12,218",-10.90%,"-$1,331",-,"$3,580","$3,795.80","15,745",-61,https://www.reddit.com/r/wayfair,"7,300",,,,,https://www.reddit.com/user/wayfair/,3,7,6/15/2018
337,Community Health Systems,1985,Healthcare,"$12,211",-1.30%,$46,-80%,"$14,669",$670.10,"58,500",-33,,,https://www.reddit.com/r/CommunityHealthWorker/,137,,,https://www.reddit.com/user/community_health_/,1,0,2/27/2023
338,Ally Financial,1919,Financial Services,"$12,199",14.10%,"$1,714",-44%,"$191,826","$7,667.70","11,600",7,https://www.reddit.com/r/allyinvest,274,,,,,https://www.reddit.com/user/allyfinancial/,688,289,8/30/2018
339,Regeneron Pharmaceuticals,1988,Healthcare,"$12,172.90",-24.30%,"$4,338.40",-46.30%,"$29,214.50","$89,829.50","11,851",-108,,,,,,, ,,,
340,Liberty Media,1991,Media and Entertainment,"$12,164",6.70%,"$1,815",356%,"$42,464","$9,129.70","7,283",-14,,,,,,,https://www.reddit.com/user/LIBERTY__MEDIA/,1,72,3/21/2018
341,APA,1954,Energy,"$12,132",53%,"$3,674",277.60%,"$13,147","$11,213","2,273",90,https://www.reddit.com/r/APA,476,,,,, ,,,
342,Qurate Retail,1991,Retail,"$12,106",-13.80%,"-$2,594",-862.90%,"$12,571",$406,"24,683",-77,,,,,,,https://www.reddit.com/user/qurate/,1,0,9/29/2015
343,FirstEnergy,1997,Utilities,"$12,053",12%,$406,-68.40%,"$46,108","$22,924.10","12,335",-,https://www.reddit.com/r/firstenergy,44,,,,,https://www.reddit.com/user/First_Energy/,1,0,7/13/2020
344,Analog Devices,1965,Technology,"$12,014",64.20%,"$2,748.60",97.70%,"$50,302.40","$99,764.20","24,450",119,,,,,,,https://www.reddit.com/user/AnalogDevices/,1,0,11/3/2022
345,Ryder System,1933,Transportation and Logistics,"$12,011",24.30%,$867,67%,"$14,395","$4,147.30","48,300",20,,,,,,,https://www.reddit.com/user/RyderSystem/,1,0,9/9/2015
346,Avis Budget Group,1946,Transportation,"$11,994",28.80%,"$2,764",115.10%,"$25,927","$7,688.90","21,500",32,,,,,,, ,,,
347,Unum Group,1848,Insurance,"$11,991",-0.20%,"$1,314.20",59.50%,"$61,434.90","$7,805","10,801",-30,https://www.reddit.com/r/unumgroup,1,,,,,https://www.reddit.com/user/unum_terram/,"6,244","12,420",5/15/2021
348,Newmont,1921,Mining,"$11,915",-2.50%,-$429,-136.80%,"$38,482","$38,946.80","14,600",-40,,,,,,,https://www.reddit.com/user/NewMonth10/,1,0,10/21/2022
349,VF,1899,Apparel,"$11,841.80",28.20%,"$1,386.90",240%,"$13,342.20","$8,904.10","27,650",31,,,,,,, ,,,
350,Chesapeake Energy,1989,Energy,"$11,743",102.20%,"$4,936",-,"$15,468","$10,244.10","1,200",-,,,,,,,https://www.reddit.com/user/chesapeake_energy/,3,0,2/13/2013
351,Mohawk Industries,1878,Manufacturing,"$11,737.10",4.80%,$25.20,-97.60%,"$14,120.40","$6,368","40,900",-21,https://www.reddit.com/r/Mohawks/,"2,300",,,,,https://www.reddit.com/user/Mohawk-/,1,0,2/6/2021
352,Markel,1930,Insurance,"$11,675.30",-9.10%,-$214.10,-108.80%,"$49,791.30","$17,094.40","20,900",-63,https://www.reddit.com/r/markel,1,,,,,https://www.reddit.com/r/markel,"9,280","147,194",6/15/2015
353,Expedia Group,1996,Technology,"$11,667",35.70%,$352,2833.30%,"$21,561","$14,879.40","16,500",51,,,,,,,https://www.reddit.com/user/Expedia_Group/,1,0,11/12/2022
354,Caesars Entertainment,1937,Hospitality,"$11,647",4.80%,-$899,-,"$33,527","$10,503","49,000",-19,,,,,,, ,,,
355,United Rentals,1997,Rental Services,"$11,642",19.80%,"$2,105",51.90%,"$24,183","$27,459.80","24,600",8,https://www.reddit.com/r/unitedrentals,1,,,,,https://www.reddit.com/user/RentalsUnited/,1,0,10/18/2018
356,Apollo Global Management,1990,Financial Services,"$11,627",27.40%,"-$3,213",-274.80%,"$259,333","$36,042.40","4,258",30,,,,,,,https://www.reddit.com/user/apollo_global/,1,0,4/14/2024
357,DaVita,1999,Healthcare,"$11,609.90",-0.10%,$560.40,-42.70%,"$16,928.30","$7,332.30","70,000",-34,,,,,,,https://www.reddit.com/user/davitag/,"2,063","1,149",3/19/2018
358,Hess,1919,Energy,"$11,570",52.60%,"$2,096",275%,"$21,695","$40,519.90","1,623",89,https://www.reddit.com/r/Hessen,"1,800",,,,, ,,,
359,Fidelity National Financial,1847,Insurance,"$11,556",-26.10%,"$1,136",-53.10%,"$65,589","$9,508.20","21,759",-121,https://www.reddit.com/r/Fidelity,"28,000",,,,, ,,,
360,Conagra Brands,1919,Food and Beverage,"$11,535.90",3.10%,$888.20,-31.60%,"$22,435.10","$17,901.90","18,000",-29,,,,,,, ,,,
361,Univar Solutions,1924,Chemicals,"$11,475.30",20.30%,$545.30,18.40%,"$7,145.70","$5,520.50","9,746",8,,,,,,,https://www.reddit.com/user/univar/,1,0,12/16/2015
362,Auto-Owners Insurance,1916,Insurance,"$11,407.20",3.90%,-$54.50,-104.10%,"$33,219.40",-,"6,733",-23,,,,,,,https://www.reddit.com/user/AutoOwnersIns/,1,0,5/1/2015
363,Raymond James Financial,1962,Financial Services,"$11,308",14.10%,"$1,509",7.60%,"$80,951","$20,085.80","17,000",-7,,,,,,,https://www.reddit.com/user/RaymondJames12/,1,284,3/25/2022
364,Seaboard,1918,Agriculture,"$11,243",21.80%,$580,1.80%,"$7,902","$4,376.10","12,614",18,,,,,,,https://www.reddit.com/user/SeaBoard111/,1,0,7/14/2023
365,CF Industries Holdings,1946,Chemicals,"$11,185.50",71.10%,"$3,345.80",264.80%,"$13,312.50","$14,206.20","2,659",127,,,,,,, ,,,
366,S&P Global,1860,Financial Services,"$11,181",34.80%,"$3,248",7.40%,"$61,784","$113,066.40","39,950",51,,,,,,, ,,,
367,W.R. Berkley,1967,Insurance,"$11,166.50",18.10%,"$1,381.10",35.10%,"$33,861.10","$16,402.20","8,186",4,https://www.reddit.com/r/berkley,240,,,,,https://www.reddit.com/user/Berkley-/,1,0,7/22/2022
368,Advance Auto Parts,1932,Retail,"$11,154.70",1.40%,$501.90,-18.50%,"$12,018.50","$7,208.30","53,500",-31,https://www.reddit.com/r/advanceautoparts,533,,,,,https://www.reddit.com/user/advanceautoparts/,8,0,4/24/2023
369,EMCOR Group,1994,Construction and Engineering,"$11,076.10",11.80%,$406.10,5.90%,"$5,524.60","$7,753.60","35,500",-12,,,,,,, ,,,
370,Williams,1908,Energy Infrastructure,"$10,965",3.20%,"$2,049",35.10%,"$48,433","$36,393.70","5,043",-23,https://www.reddit.com/r/Williams,115,,,,, ,,,
371,Interpublic Group,1961,Media and Entertainment,"$10,927.80",6.70%,$938,-1.60%,"$18,845","$14,341.40","58,400",-18,,,,,,, ,,,
372,TravelCenters of America,1972,Transportation,"$10,845",47.80%,$164.10,180.30%,"$3,652.90","$1,306.30","17,195",89,,,,,,, ,,,
373,American Tower,1995,Telecommunications,"$10,711.10",14.50%,"$1,765.80",-31.20%,"$67,194.50","$95,150.10","6,391",2,,,,,,, ,,,
374,Molson Coors Beverage,2005,Food and Beverage,"$10,701",4.10%,-$175.30,-117.40%,"$25,868.30","$11,359.80","16,600",-22,,,,,,,https://www.reddit.com/user/Molson_Coors/,38,430,2/21/2023
375,Huntington Ingalls Industries,2011,Aerospace and Defense,"$10,676",12.10%,$579,6.40%,"$10,857","$8,265.40","43,000",-5,,,,,,, ,,,
376,NVR,1948,Construction and Engineering,"$10,580.30",18%,"$1,725.60",39.50%,"$5,661","$18,095.80","6,550",13,,,,,,, ,,,
377,Eastman Chemical,1920,Chemicals,"$10,580",1%,$793,-7.50%,"$14,667","$10,048.10","14,500",-28,,,,,,, ,,,
378,Graybar Electric,1869,Wholesale,"$10,534.40",20.20%,$452.90,72.60%,"$3,749.10",-,"9,400",21,,,,,,,https://www.reddit.com/user/Graybar-Electric/,1,0,5/22/2019
379,Insight Enterprises,1988,Technology,"$10,431.20",10.50%,$280.60,27.90%,"$5,112.60","$4,833.10","13,448",-6, ,,,,,,https://www.reddit.com/user/Insight_Enterprises/,4,14,2/15/2017
380,Hershey,1894,Food and Beverage,"$10,419.30",16.10%,"$1,644.80",11.30%,"$10,948.80","$51,908.80","18,970",8,https://www.reddit.com/r/Hershey,"10,000",,,,, ,,,
381,News Corp.,2013,Media and Entertainment,"$10,385",11%,$623,88.80%,"$17,221","$9,971.60","25,500",-7,,,found,,,,https://www.reddit.com/user/NewsCorporation/,1,0,2/24/2021
382,Toll Brothers,1967,Construction and Engineering,"$10,275.60",16.90%,"$1,286.50",54.30%,"$12,288.70","$6,647.30","5,200",15,https://www.reddit.com/r/TollBrothers,3,,,,,https://www.reddit.com/user/TollBrothers/,1,0,12/15/2015
383,Ulta Beauty,1990,Retail,"$10,208.60",18.30%,"$1,242.40",26%,"$5,370.40","$27,390","35,750",19,https://www.reddit.com/r/Ulta/,"83,000",,,,,https://www.reddit.com/user/ultabeauty/,242,42,12/10/2018
384,Assurant,1892,Insurance,"$10,193",-10.70%,$276.60,-79.70%,"$33,123.80","$6,354.20","13,700",-59,https://www.reddit.com/r/Assurant,384,,, ,,https://www.reddit.com/user/assurant/,1,1,9/19/2016
385,Weyerhaeuser,1900,Agriculture,"$10,184",-0.20%,"$1,880",-27.90%,"$17,340","$22,082","9,264",-31,,,,,,,https://www.reddit.com/user/Weyerhaeuser9797/,1,0,9/26/2017
386,Biogen,1978,Healthcare,"$10,173.40",-7.40%,"$3,046.90",95.80%,"$24,554.10","$40,171.30","8,725",-48,,,,,,, ,,,
387,Dana,1904,Automotive,"$10,156",13.50%,-$242,-222.80%,"$7,449","$2,172.20","41,800",4,,,,,,, ,,,
388,UGI,1882,Energy,"$10,106",35.70%,"$1,073",-26.90%,"$17,575","$7,284.20","10,000",67,,,,,,, ,,,
389,Chewy,2011,Retail,"$10,098.90",13.60%,$49.20,-,"$2,515.10","$15,959.20","19,400",5,,,,,,,https://www.reddit.com/user/chewy2728/,30,37,5/27/2018
390,Owens & Minor,1882,Healthcare,"$9,955.50",1.70%,$22.40,-89.90%,"$5,386.30","$1,108.60","22,500",-29,,,,,,,https://www.reddit.com/user/owens/,1,0,5/27/2008
391,Quest Diagnostics,1967,Healthcare,"$9,883",-8.40%,$946,-52.60%,"$12,837","$15,750","44,500",-49,https://www.reddit.com/r/QuestDiagnostics,2,,,,,https://www.reddit.com/user/QuestDiagnostics/,3,0,11/18/2020
392,Public Service Enterprise Group,1903,Utilities,"$9,800",0.80%,"$1,031",-,"$48,718","$31,148.20","12,525",-30,,,,,,, ,,,
393,Ebay,1995,Technology,"$9,795",-21%,"-$1,269",-109.30%,"$20,850","$23,821.40","11,600",-92,https://www.reddit.com/r/Ebay,"168,000",,,,,https://www.reddit.com/user/Ebays/,"5,204","7,949",6/8/2011
394,MasTec,1968,Construction and Engineering,"$9,778",23%,$33.40,-89.90%,"$9,293.30","$7,441","32,000",35,,,,,,,https://www.reddit.com/user/Mastec14_/,1,0,8/23/2022
395,Owens Corning,1938,Manufacturing,"$9,761",14.90%,"$1,241",24.70%,"$10,752","$8,696.50","19,000",13,,,,,,,https://www.reddit.com/user/OwensCorning/,1,0,10/11/2022
396,Celanese,1918,Chemicals,"$9,673",13.30%,"$1,894",0.20%,"$26,272","$12,067.70","13,263",10,,,,,,,https://www.reddit.com/user/Celanese/,1,0,6/5/2018
397,Altice USA,2001,Telecommunications,"$9,647.70",-4.40%,$194.60,-80.40%,"$33,665","$1,559.80","11,000",-42,https://www.reddit.com/r/AlticeUSA/,370,,,,,https://www.reddit.com/user/Altice101/,1,0,9/5/2022
398,Alaska Air Group,1932,Transportation,"$9,646",56.20%,$58,-87.90%,"$14,186","$5,348.40","24,196",-,,,,,,,https://www.reddit.com/user/AlaskaAir/,9,0,1/26/2022
399,SpartanNash,1917,Food and Beverage,"$9,643.10",8%,$34.50,-53.20%,"$2,306.60",$869.50,"14,000",-7,https://www.reddit.com/r/SpartanNash/,10,,,,,https://www.reddit.com/user/NashSpartan/,1,0,9/8/2017
400,Diamondback Energy,2007,Energy,"$9,643",41.90%,"$4,386",101%,"$26,209","$24,815.90",972,79,,,,,,,https://www.reddit.com/user/Diamondback-/,1,0,5/3/2021
401,Intercontinental Exchange,,,"$9,636",5.10%,"$1,446",-64.40%,"$194,338","$58,371.60","8,911",-17,,,,,,,https://www.reddit.com/user/_Intercontinental/,1,12,11/11/2021
402,Darden Restaurants,,,"$9,630",33.80%,$952.80,51.40%,"$10,135.80","$18,883.80","178,956",63,,,,,,, ,,,
403,UFP Industries,,,"$9,626.70",11.50%,$692.70,29.30%,"$3,672.10","$4,964.30","15,500",-2,,,,,,,https://www.reddit.com/user/ufp01/,1,0,11/13/2021
404,WEC Energy Group,,,"$9,597.40",15.40%,"$1,408.10",8.30%,"$41,872.10","$29,900","7,022",12,,,,,,,https://www.reddit.com/user/Wec25/,5,"77,335",3/24/2012
405,Yum China Holdings,,,"$9,569",-2.90%,$442,-55.40%,"$11,826","$26,517.20","275,500",-46,,,,,,, ,,,
406,EnLink Midstream,,,"$9,542.10",42.70%,$361.30,1512.90%,"$8,651","$5,101.70","1,132",79,,,,,,, ,,,
407,Continental Resources,,,"$9,473.70",65.60%,"$4,024.60",142.30%,"$20,878.40",-,"1,404",-,,,,,,,https://www.reddit.com/user/ContinentalResources/,1,0,11/22/2017
408,Newell Brands,,,"$9,459",-10.70%,$197,-65.60%,"$13,262","$5,145.20","28,000",-60,,,,,,,https://www.reddit.com/user/Newell_/,4,-8,4/4/2022
409,Graphic Packaging Holding,,,"$9,440",31.90%,$522,155.90%,"$10,328","$7,828.50","24,000",57,,,,,,,https://www.reddit.com/user/Graphic-_-/,1,0,1/29/2021
410,Olin,,,"$9,376.20",5.20%,"$1,326.90",2.30%,"$8,044.20","$7,263.20","7,780",-17,https://www.reddit.com/r/olin/,254,,,,,https://www.reddit.com/user/oline27/,1,5,1/8/2020
411,Fifth Third Bancorp,,,"$9,353",12.30%,"$2,446",-11.70%,"$207,452","$18,143.30","19,319",4,,,,,,, ,,,
412,Thrivent Financial for Lutherans,,,"$9,346.80",-9.40%,"$1,085.40",-57.10%,"$110,100.40",-,"3,692",-61,,,,,,, ,,,
413,CenterPoint Energy,,,"$9,321",11.60%,"$1,057",-28.90%,"$38,546","$18,589.30","8,986",1,,,,,,,https://www.reddit.com/user/CenterpointEnergy/,1,0,6/13/2024
414,Erie Insurance Group,,,"$9,295.50",-3.40%,-$577.30,-151.10%,"$26,597.60",-,"5,997",-46,https://www.reddit.com/r/ErieInsurance/,78,,,,,https://www.reddit.com/user/ErieInsurance/,1,0,11/25/2019
415,CommScope Holding,,,"$9,228.10",7.50%,"-$1,286.90",-,"$11,685.40","$1,336.10","30,000",-10,,,,,,,,,,
416,KLA,,,"$9,211.90",33.10%,"$3,321.80",59.80%,"$12,597.10","$55,277","14,140",58,,,,,,,https://www.reddit.com/user/klayco47/,"29,685","8,837",4/4/2019
417,JetBlue Airways,,,"$9,158",51.70%,-$362,-,"$13,045","$2,382.50","18,785",-,https://www.reddit.com/r/jetblue/,"9,600",,,,,https://www.reddit.com/user/jetBlueAirways881/,197,651,12/12/2017
418,Motorola Solutions,,,"$9,112",11.50%,"$1,363",9.50%,"$12,814","$47,917.30","20,000",5,https://www.reddit.com/r/MotorolaSolutions/,"2,900",,,,,https://www.reddit.com/user/MotorolaSolutions/,1,0,3/5/2018
419,Citizens Financial Group,,,"$9,069",29.80%,"$2,073",-10.60%,"$226,733","$14,708.50","18,889",54,,,,,,,,,,
420,Coterra Energy,,,"$9,051",162.40%,"$4,065",251%,"$20,154","$18,785.50","1,225",-,,,,,,,https://www.reddit.com/user/COTERRA/,1,1,1/30/2021
421,Avery Dennison,,,"$9,039.30",7.50%,$757.10,2.30%,"$7,950.50","$14,512.80","36,000",-9,,,,,,,https://www.reddit.com/user/Avery_Dennison/,1,0,10/25/2019
422,PVH,,,"$9,024.20",-1.40%,$200.40,-79%,"$11,768.30","$5,591.50","25,000",-37,,,,,,,https://www.reddit.com/user/pvh/,639,"6,670",7/30/2010
423,GXO Logistics,,,"$8,993",13.30%,$197,28.80%,"$9,219","$5,993.40","112,000",7,,,,,,,https://www.reddit.com/user/-_gxo_-/,"11,769","10,068",1/19/2020
424,Polaris,,,"$8,986.70",8.90%,$447.10,-9.50%,"$5,217.90","$6,304.30","16,200",-5,https://www.reddit.com/r/Polaris/,"3,900",,,,,https://www.reddit.com/user/polaris98/,"4,767",732,11/22/2016
425,Global Payments,,,"$8,975.50",5.30%,$111.50,-88.50%,"$44,809","$27,760.70","25,000",-18,,,,,,,https://www.reddit.com/user/Global_Payments_AT/,1,0,4/9/2023
426,Arconic,,,"$8,961",19.40%,-$182,-,"$6,015","$2,607.20","11,550",26,,,,,,,https://www.reddit.com/user/Arconic/,82,"1,667",9/9/2010
427,Vertex Pharmaceuticals,,,"$8,930.70",17.90%,"$3,322",41.80%,"$18,150.90","$81,001.80","4,800",21,,,,,,,https://www.reddit.com/user/pharmaceuticals1438/,1,0,8/26/2021
428,Commercial Metals,,,"$8,913.50",32.40%,"$1,217.30",194.80%,"$6,237","$5,727","12,483",56,,,,,,,,,,
429,Autoliv,,,"$8,842",7.40%,$423,-2.80%,"$7,717","$8,013.10","65,300",-8,,,,,,,https://www.reddit.com/user/autoliv/,1,0,7/10/2017
430,Constellation Brands,,,"$8,820.70",2.40%,-$40.40,-102%,"$25,855.80","$41,688.20","10,000",-27,,,,,,,https://www.reddit.com/user/_Constellation_/,37,407,1/25/2020
431,Hilton Worldwide Holdings,,,"$8,773",51.60%,"$1,255",206.10%,"$15,512","$37,534.90","159,000",-,,,,,,,https://www.reddit.com/user/Hilton__/,7,69,10/21/2019
432,Foot Locker,,,"$8,759",-2.30%,$342,-61.70%,"$7,907","$3,708.20","31,040",-42,https://www.reddit.com/r/FootLocker/,665,,,,,https://www.reddit.com/user/footlocker_official/,20,0,8/23/2018
433,Huntsman,,,"$8,715",3.10%,$460,-56%,"$8,220","$5,025.30","7,000",-23,https://www.reddit.com/r/huntsman/,12,,,,,https://www.reddit.com/user/Huntsman2701/,9,"2,686",6/30/2019
434,Burlington Stores,,,"$8,702.60",-6.60%,$230.10,-43.70%,"$7,269.60","$13,122.70","38,018",-57,https://www.reddit.com/r/BurlingtonStores/,5,,,,,https://www.reddit.com/user/Burlington_Stats/,266,20,8/11/2019
435,Hertz Global Holdings,,,"$8,685",18.40%,"$2,059",462.60%,"$22,497","$5,252","25,000",27,,,,,,,https://www.reddit.com/user/__hertz/,"1,790","3,421",4/30/2022
436,Masco,,,"$8,680",3.60%,$844,105.90%,"$5,187","$11,206.70","19,000",-23,https://www.reddit.com/r/mascots/,"1,500",,,,,https://www.reddit.com/user/mascotlogopro/,"6,253",181,10/16/2020
437,Williams-Sonoma,,,"$8,674.40",5.20%,"$1,127.90",0.10%,"$4,663","$8,057.30","16,800",-17,https://www.reddit.com/r/Williamssonoma/,32,,,,,https://www.reddit.com/user/williams-sonoma/,19,182,10/9/2019
438,Chipotle Mexican Grill,,,"$8,634.70",14.40%,$899.10,37.70%,"$6,927.50","$47,186.10","104,958",12,https://www.reddit.com/r/ChipotleMexicanGrill/,207,,,,,https://www.reddit.com/user/Chipotle-Grill/,"30,778","14,601",11/11/2018
439,M&T Bank,,,"$8,603.70",40.90%,"$1,991.70",7.20%,"$200,729.80","$20,093","22,509",-,,,,,,,https://www.reddit.com/user/MTBANK/,1,0,7/5/2021
440,LPL Financial Holdings,,,"$8,600.80",11.40%,$845.70,83.90%,"$9,482.20","$15,913.90","6,415",2,,,,,,,https://www.reddit.com/user/LPL-Official/,"17,634",641,5/1/2021
441,CMS Energy,,,"$8,596",14%,$837,-38.10%,"$31,353","$17,901.60","8,817",10,,,,,,,https://www.reddit.com/user/cms_cms_cms/,7,2,11/18/2016
442,Campbell Soup,,,"$8,562",1%,$757,-24.50%,"$11,892","$16,465.20","14,700",-33,,,,,,,https://www.reddit.com/user/CampbellSoup2000/,9,59,12/28/2019
443,Arthur J. Gallagher,,,"$8,550.60",4.20%,"$1,114.20",22.90%,"$38,907.80","$40,954.70","43,640",-21,,,,,,,https://www.reddit.com/user/Arthur__J/,1,0,8/25/2021
444,Blackstone,,,"$8,517.70",-62.30%,"$1,747.60",-70.20%,"$42,524.20","$62,047.50","4,695",-285,https://www.reddit.com/r/blackstone/,"4,900",,,,,https://www.reddit.com/user/blackstone1314/,2,274,4/4/2018
445,Dover,,,"$8,508.10",7.60%,"$1,065.40",-5.20%,"$10,896.50","$21,236.80","25,000",-12,https://www.reddit.com/r/dover/,343,,,,,https://www.reddit.com/user/DoverHawk/,"26,576","2,193",12/30/2015
446,ODP,,,"$8,491",-8.40%,$166,-,"$4,149","$1,806.30","25,000",-67,https://www.reddit.com/r/odp/,91,,,,,https://www.reddit.com/user/Odpalony777/,"17,536",23,4/19/2021
447,Packaging Corp. of America,,,"$8,478",9.70%,"$1,029.80",22.40%,"$8,003.80","$12,478.50","15,100",-6,,,,,,,,,,
448,Brighthouse Financial,,,"$8,473",18.60%,$5,-,"$225,580","$2,986.10","1,500",20,,,,,,,https://www.reddit.com/user/brighthouse76/,1,0,1/27/2024
449,Beacon Roofing Supply,,,"$8,429.70",23.60%,$458.40,88.60%,"$6,003.50","$3,781.30","7,478",29,,,,,,,,,,
450,Airbnb,,,"$8,399",40.20%,"$1,893",-,"$16,038","$79,681.70","6,811",-,https://www.reddit.com/r/AirBnB/,,,,,,https://www.reddit.com/user/airbnb/,1,0,9/18/2011
451,Boise Cascade,,,"$8,387.30",5.80%,$857.70,20.40%,"$3,240.50","$2,505.70","6,840",-19,,,,,,,https://www.reddit.com/user/CascadeCascade/,489,"2,535",7/6/2017
452,Booz Allen Hamilton Holding,,,"$8,363.70",6.40%,$466.70,-23.40%,"$6,025.60","$12,260.70","29,300",-16,,,,,,,,,,
453,Westinghouse Air Brake Technologies,,,"$8,362",6.90%,$633,13.40%,"$18,516","$18,226.40","27,000",-14,,,,,,,,,,
454,ON Semiconductor,,,"$8,326.20",23.50%,"$1,902.20",88.40%,"$11,978.50","$35,559.60","31,055",29,,,,,,,https://www.reddit.com/user/semiconductor-/,1,0,7/24/2024
455,Oshkosh,,,"$8,282",4.10%,$173.90,-57.50%,"$7,729","$5,445.20","15,000",-27,https://www.reddit.com/r/Oshkosh/,"3,700",,,,,https://www.reddit.com/user/oshkosh/,1,248,7/3/2011
456,Franklin Resources,,,"$8,275.30",-1.80%,"$1,291.90",-29.50%,"$28,060.60","$13,479.60","9,800",-45,,,,,,,https://www.reddit.com/user/Franklin500franklin/,19,1,12/7/2020
457,Taylor Morrison Home,,,"$8,224.90",9.60%,"$1,052.80",58.80%,"$8,470.70","$4,143.50","3,000",-4,,,,,,,https://www.reddit.com/user/Taylor_Morrison/,1,0,4/16/2015
458,A-Mark Precious Metals,,,"$8,159.30",7.20%,$132.50,-17%,"$1,442.70",$815.30,381,-12,,,,,,,https://www.reddit.com/user/Precious-Metals/,206,14,8/4/2021
459,KeyCorp,,,"$8,130",7.50%,"$1,917",-27%,"$189,813","$11,579.20","17,660",-10,,,,,,,https://www.reddit.com/user/Keycorp/,1,0,2/18/2022
460,ARKO,,,"$8,127.60",26.70%,$71.70,21.20%,"$3,255.20","$1,020.20","12,223",38,https://www.reddit.com/r/arkos/,176,,,,,https://www.reddit.com/user/arkofcovenant/,"6,553","90,846",8/26/2011
461,Lululemon athletica,,,"$8,110.50",29.60%,$854.80,-12.40%,"$5,607","$46,312.10","34,000",-,,,,,,,https://www.reddit.com/user/Lululemon_Athletica/,1,0,2/10/2023
462,Old Republic International,,,"$8,083.70",-13.50%,$686.40,-55.30%,"$25,159.40","$7,399","9,500",-86,,,,,,,,,,
463,Zoetis,,,"$8,080",3.90%,"$2,114",3.80%,"$14,925","$77,052.60","13,800",-23,,,,,,,https://www.reddit.com/user/ZoetisUS/,1,0,9/28/2021
464,Marathon Oil,,,"$8,036",47%,"$3,612",281.80%,"$19,940","$15,086.50","1,570",-,,,,,,,https://www.reddit.com/user/marathon-/,1,0,9/7/2024
465,J.M. Smucker,,,"$7,998.90",-,$631.70,-27.90%,"$16,055","$16,781.30","6,700",-39,,,,,,,https://www.reddit.com/user/smucker/,109,375,11/13/2011
466,Huntington Bancshares,,,"$7,950",30.80%,"$2,238",72.80%,"$182,906","$16,235.90","19,920",-,https://www.reddit.com/r/huntingtonbeach/,"13,000",,,,,https://www.reddit.com/user/Happy_Huntington/,"371,076","93,003",5/2/2019
467,NGL Energy Partners,,,"$7,947.90",51.60%,-$184.80,-,"$6,070.30",$380.80,842,-,,,,,,,,,,
468,Ingredion,,,"$7,946",15.30%,$492,320.50%,"$7,561","$6,711.30","11,700",8,,,,,,,https://www.reddit.com/user/IngredionInc/,1,0,11/4/2024
469,Fortune Brands Innovations,,,"$7,922.70",3.50%,$686.70,-11.10%,"$6,120.90","$7,457.10","11,200",-25,,,,,,,,,,
470,PPL,,,"$7,902",10.90%,$756,-,"$37,837","$20,472.30","6,527",-1,,,,,,,https://www.reddit.com/user/ppl/,1,0,9/22/2006
471,Sanmina,,,"$7,890.50",16.80%,$256.10,-4.80%,"$4,859.50","$3,559.20","36,000",11,,,,,,, https://www.reddit.com/user/Sanminanna/,1,0,9/3/2021
472,Bed Bath & Beyond,,,"$7,867.80",-14.80%,-$559.60,-,"$5,130.60",$183,"32,000",-91,https://www.reddit.com/r/BedBathandBeyond/,"4,100",,,,,https://www.reddit.com/user/bedbathbeyondcoupons/,1,1,3/23/2022
473,Cintas,,,"$7,854.50",10.40%,"$1,235.80",11.20%,"$8,147.30","$47,041.80","43,000",-3,https://www.reddit.com/r/cintasssr/,204,,,,,https://www.reddit.com/user/cintas_493/,89,31,6/27/2021
474,NCR,,,"$7,844",9.60%,$60,-38.10%,"$11,507","$3,303.80","35,000",-8,https://www.reddit.com/r/NCR/,445,,,,,https://www.reddit.com/user/NCResident5/,"1,773","40,283",4/16/2018
475,ABM Industries,,,"$7,806.60",25.30%,$230.40,82.40%,"$4,868.90","$2,970.80","127,000",-,,,,,,,https://www.reddit.com/user/_ABM__/,1,0,8/1/2021
476,Rockwell Automation,,,"$7,760.40",10.90%,$932.20,-31.40%,"$10,758.70","$33,682.90","26,000",-4,,,,,,,https://www.reddit.com/user/RockwellAutomation/,1,0,1/31/2014
477,Northern Trust,,,"$7,751.70",19.50%,"$1,336",-13.50%,"$155,036.70","$18,309.10","23,600",16,,,,,,,https://www.reddit.com/user/northern_trust/,4,2,7/21/2019
478,XPO,,,"$7,718",-39.70%,$666,98.20%,"$6,269","$3,684.50","39,500",-187,,,,,,,https://www.reddit.com/user/xponentialdesign/,"318,788","1,565",2/14/2021
479,Science Applications International,,,"$7,704",4.20%,$300,8.30%,"$5,543","$5,870.50","25,000",-23,,,,,,,,,,
480,Ameren,,,"$7,662",25.20%,"$1,074",8.50%,"$37,904","$22,675.30","9,244",20,,,,,,,,,,
481,First American Financial,,,"$7,605",-17.50%,$263,-78.80%,"$14,955","$5,749.70","21,153",-98,,,,,,,https://www.reddit.com/user/first_American/,1,0,1/12/2020
482,Bath & Body Works,,,"$7,560",-4.10%,$800,-40%,"$5,494","$8,368.30","33,000",-47,https://www.reddit.com/r/bathandbodyworks/,"92,000",,,,,https://www.reddit.com/user/Bathbodyworksgal/,"2,229","3,925",6/14/2019
483,Regions Financial,,,"$7,531",14%,"$2,245",-10.90%,"$155,220","$17,345.50","20,073",6,,,,,,,,,,
484,Activision Blizzard,,,"$7,528",-14.50%,"$1,513",-43.90%,"$27,383","$67,126","13,000",-88,https://www.reddit.com/r/activisionblizzard/,633,,,,,https://www.reddit.com/user/ActivisionBlizzard/,448,"65,674",3/7/2014
485,Avantor,,,"$7,512.40",1.70%,$686.50,19.90%,"$13,464.30","$14,270.60","14,500",-28,https://www.reddit.com/r/Avantris,"1,700",,,,,https://www.reddit.com/user/avantor/,1,201,10/4/2016
486,Genworth Financial,,,"$7,507",-4.80%,$609,-32.60%,"$86,442","$2,476.60","2,500",-52,,,,,,,https://www.reddit.com/user/genworth/,1,0,8/19/2008
487,EQT,,,"$7,497.70",144.60%,"$1,771",-,"$22,669.90","$11,499.10",744,-,https://www.reddit.com/r/EQT/,2,,,,,https://www.reddit.com/user/eqt/,"4,505","6,046",12/14/2013
488,Skechers U.S.A.,,,"$7,444.60",18%,$373,-49.70%,"$6,893.50","$7,379.10","11,450",-,,,,,,,https://www.reddit.com/user/Skechers_2_/,1,0,1/30/2021
489,Landstar System,,,"$7,439.70",13.70%,$430.90,12.90%,"$1,931.90","$6,457.40","1,449",2,,,,,,,https://www.reddit.com/user/landstar/,1,100,11/4/2011
490,Knight-Swift Transportation Holdings,,,"$7,428.60",23.90%,$771.30,3.80%,"$10,951.70","$9,105.90","28,300",-,,,,,,,,,,
491,SVB Financial Group,,,"$7,401",22.80%,"$1,672",-8.80%,"$211,793",$53.60,"8,553",-,,,,,,,,,,
492,Par Pacific Holdings,,,"$7,321.80",55.40%,$364.20,-,"$3,280.60","$1,772.90","1,397",-,,,,,,,,,,
493,Albemarle,,,"$7,320.10",120%,"$2,689.80",2075%,"$15,456.50","$25,927.90","7,400",-,https://www.reddit.com/r/Albemarle/,78,,,,,https://www.reddit.com/user/Albemarle909/,1,100,1/27/2021
494,Vulcan Materials,,,"$7,315.20",31.80%,$575.60,-14.20%,"$14,234.60","$22,827.20","11,974",-,,,,,,,https://www.reddit.com/user/-Vulcan/,719,"5,411",7/25/2014
495,Watsco,,,"$7,274.30",15.80%,$601.20,43.50%,"$3,488.20","$12,353.50","7,238",-,,,,,,,https://www.reddit.com/user/watsco72/,1,0,5/21/2014
496,KKR,,,"$7,273.40",-72.20%,-$841.10,-118%,"$277,077.20","$45,225.40","4,150",-358,https://www.reddit.com/r/KolkataKnightRiders,"24,000",,,,, , , , 
497,Equinix,,,"$7,263.10",9.50%,$704.30,40.80%,"$30,310.70","$66,872.60","12,097",-10,,,,,,,https://www.reddit.com/user/Equinix5/,1,65,2/18/2019
498,Sonoco Products,,,"$7,250.60",29.70%,$466.40,-,"$7,052.90","$5,974.70","22,000",-,,,,,,,https://www.reddit.com/user/Sonoco2001/,"4,861",197,6/29/2020
499,ServiceNow,,,"$7,245",22.90%,$325,41.30%,"$13,299","$94,338.20","20,433",-,https://www.reddit.com/r/servicenow/,"21,000",,,,,https://www.reddit.com/user/servicenow/,1,0,6/17/2024
500,Robert Half International,,,"$7,238.10",12%,$657.90,9.90%,"$2,964.50","$8,677.30","16,300",-6,https://www.reddit.com/r/roberthalf,85,,,,, , , , 